0.052,normal_study,0.20674,0.22652,0.21663
0.366,normal_study,0.19916,0.24348,0.22132
0.431,normal_study,0.22759,0.25620,0.24190
0.510,normal_study,0.21864,0.25135,0.23500
0.578,normal_study,0.23665,0.26153,0.24909
0.641,normal_study,0.23102,0.25430,0.24266
0.706,normal_study,0.24013,0.26369,0.25191
0.741,normal_study,0.24076,0.27217,0.25647
0.776,normal_study,0.23842,0.28811,0.26326
0.812,normal_study,0.23218,0.28792,0.26005
0.855,normal_study,0.23212,0.29640,0.26426
0.918,normal_study,0.23907,0.30016,0.26961
0.955,normal_study,0.23631,0.28956,0.26293
0.988,normal_study,0.22619,0.29097,0.25858
1.023,normal_study,0.23696,0.29798,0.26747
1.059,normal_study,0.22505,0.29526,0.26016
1.094,normal_study,0.23038,0.29437,0.26238
1.129,normal_study,0.23077,0.29398,0.26238
1.166,normal_study,0.22803,0.29547,0.26175
1.200,normal_study,0.23706,0.29111,0.26408
1.236,normal_study,0.23311,0.28205,0.25758
1.271,normal_study,0.23741,0.28433,0.26087
1.306,normal_study,0.23930,0.28279,0.26105
1.341,normal_study,0.24344,0.27730,0.26037
1.377,normal_study,0.23970,0.28017,0.25994
1.412,normal_study,0.23444,0.28371,0.25908
1.448,normal_study,0.23358,0.28391,0.25874
1.483,normal_study,0.22834,0.28910,0.25872
1.519,normal_study,0.23828,0.28217,0.26022
1.554,normal_study,0.23284,0.28370,0.25827
1.589,normal_study,0.23357,0.28359,0.25858
1.625,normal_study,0.23103,0.28215,0.25659
1.660,normal_study,0.23451,0.28423,0.25937
1.695,normal_study,0.22693,0.28004,0.25349
1.730,normal_study,0.22925,0.27873,0.25399
1.767,normal_study,0.22557,0.28441,0.25499
1.801,normal_study,0.22759,0.28099,0.25429
1.838,normal_study,0.23418,0.27776,0.25597
1.873,normal_study,0.22500,0.27861,0.25181
1.909,normal_study,0.22330,0.26991,0.24660
1.944,normal_study,0.22358,0.27324,0.24841
1.979,normal_study,0.23009,0.27293,0.25151
2.013,normal_study,0.22229,0.27247,0.24738
2.049,normal_study,0.22753,0.27424,0.25089
2.086,normal_study,0.23262,0.27658,0.25460
2.120,normal_study,0.23484,0.28090,0.25787
2.156,normal_study,0.23768,0.28090,0.25929
2.191,normal_study,0.23813,0.28259,0.26036
2.226,normal_study,0.23772,0.28559,0.26165
2.261,normal_study,0.24013,0.28256,0.26135
2.297,normal_study,0.24243,0.28226,0.26234
2.332,normal_study,0.23630,0.28052,0.25841
2.368,normal_study,0.22457,0.29163,0.25810
2.403,normal_study,0.23022,0.29550,0.26286
2.438,normal_study,0.23037,0.29435,0.26236
2.474,normal_study,0.22811,0.29878,0.26344
2.509,normal_study,0.22149,0.29734,0.25942
2.543,normal_study,0.22395,0.30879,0.26637
2.580,normal_study,0.22598,0.29817,0.26207
2.614,normal_study,0.22949,0.30210,0.26580
2.650,normal_study,0.22645,0.29868,0.26256
2.686,normal_study,0.22605,0.30348,0.26476
2.721,normal_study,0.22942,0.29671,0.26306
2.756,normal_study,0.22936,0.30355,0.26645
2.792,normal_study,0.23001,0.30082,0.26541
2.827,normal_study,0.23204,0.29933,0.26568
2.862,normal_study,0.23077,0.29979,0.26528
2.898,normal_study,0.23006,0.30306,0.26656
2.933,normal_study,0.23197,0.30891,0.27044
2.968,normal_study,0.22873,0.30414,0.26644
3.004,normal_study,0.22554,0.30450,0.26502
3.039,normal_study,0.22607,0.30556,0.26581
3.075,normal_study,0.22338,0.30005,0.26172
3.110,normal_study,0.22864,0.29035,0.25949
3.146,normal_study,0.22367,0.28949,0.25658
3.181,normal_study,0.22441,0.30027,0.26234
3.216,normal_study,0.21589,0.28401,0.24995
3.251,normal_study,0.22323,0.29059,0.25691
3.286,normal_study,0.22059,0.30289,0.26174
3.322,normal_study,0.23045,0.29502,0.26273
3.358,normal_study,0.23948,0.28361,0.26154
3.392,normal_study,0.23915,0.27191,0.25553
3.427,normal_study,0.24305,0.27364,0.25834
3.464,normal_study,0.23548,0.28254,0.25901
3.499,normal_study,0.22677,0.27719,0.25198
3.533,normal_study,0.22294,0.27602,0.24948
3.569,normal_study,0.23119,0.27687,0.25403
3.604,normal_study,0.23960,0.27674,0.25817
3.641,normal_study,0.23658,0.26584,0.25121
3.676,normal_study,0.23895,0.27567,0.25731
3.711,normal_study,0.23356,0.26292,0.24824
3.746,normal_study,0.23430,0.26333,0.24882
3.782,normal_study,0.24348,0.26621,0.25484
3.816,normal_study,0.25327,0.27176,0.26252
3.852,normal_study,0.23966,0.26802,0.25384
3.887,normal_study,0.23385,0.27461,0.25423
3.924,normal_study,0.24592,0.26977,0.25785
3.958,normal_study,0.23721,0.26973,0.25347
3.993,normal_study,0.24559,0.26223,0.25391
4.029,normal_study,0.23010,0.26652,0.24831
4.064,normal_study,0.23413,0.27133,0.25273
4.099,normal_study,0.23908,0.27642,0.25775
4.135,normal_study,0.23621,0.27403,0.25512
4.170,normal_study,0.23895,0.27689,0.25792
4.207,normal_study,0.24339,0.28534,0.26437
4.241,normal_study,0.24107,0.27923,0.26015
4.276,normal_study,0.24250,0.26886,0.25568
4.312,normal_study,0.23390,0.28418,0.25904
4.347,normal_study,0.23695,0.28182,0.25938
4.382,normal_study,0.23068,0.27995,0.25532
4.419,normal_study,0.23261,0.27791,0.25526
4.458,normal_study,0.25095,0.26010,0.25553
4.523,normal_study,0.23031,0.27563,0.25297
4.559,normal_study,0.22680,0.29353,0.26017
4.595,normal_study,0.22908,0.27737,0.25322
4.629,normal_study,0.24014,0.27635,0.25825
4.665,normal_study,0.24485,0.27002,0.25743
4.701,normal_study,0.23556,0.27910,0.25733
4.736,normal_study,0.23796,0.27652,0.25724
4.771,normal_study,0.23875,0.26464,0.25169
4.807,normal_study,0.23710,0.26517,0.25113
4.841,normal_study,0.22817,0.26589,0.24703
4.878,normal_study,0.24181,0.26198,0.25189
4.912,normal_study,0.23207,0.25705,0.24456
4.949,normal_study,0.22984,0.24896,0.23940
4.985,normal_study,0.22325,0.25284,0.23805
5.018,normal_study,0.22763,0.25167,0.23965
5.053,normal_study,0.22594,0.26311,0.24453
5.090,normal_study,0.22311,0.26690,0.24500
5.125,normal_study,0.21967,0.25900,0.23933
5.160,normal_study,0.22645,0.24808,0.23726
5.196,normal_study,0.22404,0.25047,0.23725
5.231,normal_study,0.22387,0.25658,0.24023
5.266,normal_study,0.23900,0.27025,0.25462
5.301,normal_study,0.23862,0.26872,0.25367
5.337,normal_study,0.23669,0.25955,0.24812
5.373,normal_study,0.23158,0.25513,0.24335
5.408,normal_study,0.22830,0.26190,0.24510
5.442,normal_study,0.22480,0.25921,0.24200
5.478,normal_study,0.22239,0.25396,0.23817
5.519,normal_study,0.22410,0.25726,0.24068
5.584,normal_study,0.22884,0.26724,0.24804
5.619,normal_study,0.22892,0.26699,0.24795
5.655,normal_study,0.23727,0.26926,0.25327
5.690,normal_study,0.22011,0.25951,0.23981
5.726,normal_study,0.22151,0.26453,0.24302
5.762,normal_study,0.23745,0.27056,0.25401
5.831,normal_study,0.23769,0.27804,0.25786
5.866,normal_study,0.23173,0.27569,0.25371
5.902,normal_study,0.24064,0.26956,0.25510
5.937,normal_study,0.23756,0.28333,0.26044
5.973,normal_study,0.23535,0.29069,0.26302
6.008,normal_study,0.23829,0.28770,0.26300
6.043,normal_study,0.24284,0.28037,0.26161
6.079,normal_study,0.23993,0.30292,0.27142
6.115,normal_study,0.24864,0.29895,0.27379
6.149,normal_study,0.23917,0.29621,0.26769
6.186,normal_study,0.24417,0.28821,0.26619
6.221,normal_study,0.23526,0.29677,0.26602
6.255,normal_study,0.23982,0.29201,0.26591
6.291,normal_study,0.24589,0.29589,0.27089
6.327,normal_study,0.23809,0.28686,0.26247
6.362,normal_study,0.24127,0.28236,0.26181
6.397,normal_study,0.24699,0.28659,0.26679
6.432,normal_study,0.24384,0.29098,0.26741
6.468,normal_study,0.25104,0.28664,0.26884
6.504,normal_study,0.25294,0.28848,0.27071
6.538,normal_study,0.24931,0.29211,0.27071
6.574,normal_study,0.24721,0.29157,0.26939
6.609,normal_study,0.25280,0.29654,0.27467
6.645,normal_study,0.23825,0.28496,0.26161
6.680,normal_study,0.24761,0.29336,0.27049
6.714,normal_study,0.24306,0.29453,0.26879
6.751,normal_study,0.24621,0.29476,0.27048
6.786,normal_study,0.24477,0.29436,0.26956
6.821,normal_study,0.24926,0.28848,0.26887
6.857,normal_study,0.24951,0.29610,0.27281
6.891,normal_study,0.25130,0.28770,0.26950
6.927,normal_study,0.25095,0.29417,0.27256
6.962,normal_study,0.25232,0.29006,0.27119
6.998,normal_study,0.23551,0.28218,0.25884
7.033,normal_study,0.23697,0.28408,0.26053
7.070,normal_study,0.23336,0.27866,0.25601
7.105,normal_study,0.23856,0.28587,0.26222
7.140,normal_study,0.22911,0.27369,0.25140
7.175,normal_study,0.23197,0.28591,0.25894
7.210,normal_study,0.23500,0.28007,0.25754
7.244,normal_study,0.23208,0.27533,0.25371
7.281,normal_study,0.23407,0.27763,0.25585
7.316,normal_study,0.23397,0.26707,0.25052
7.352,normal_study,0.23331,0.26101,0.24716
7.387,normal_study,0.23997,0.27993,0.25995
7.422,normal_study,0.23614,0.27394,0.25504
7.457,normal_study,0.24419,0.27775,0.26097
7.493,normal_study,0.23872,0.27294,0.25583
7.528,normal_study,0.23103,0.27776,0.25440
7.563,normal_study,0.22539,0.27332,0.24935
7.599,normal_study,0.22488,0.28386,0.25437
7.634,normal_study,0.23350,0.26710,0.25030
7.669,normal_study,0.22957,0.26045,0.24501
7.705,normal_study,0.22631,0.25417,0.24024
7.740,normal_study,0.22162,0.25226,0.23694
7.775,normal_study,0.22029,0.25347,0.23688
7.810,normal_study,0.22199,0.26020,0.24109
7.846,normal_study,0.21710,0.25178,0.23444
7.881,normal_study,0.21219,0.25244,0.23232
7.916,normal_study,0.20453,0.25727,0.23090
7.953,normal_study,0.19716,0.25292,0.22504
7.987,normal_study,0.20187,0.25428,0.22808
8.023,normal_study,0.20958,0.25200,0.23079
8.058,normal_study,0.20713,0.25854,0.23284
8.093,normal_study,0.20860,0.25739,0.23300
8.129,normal_study,0.19936,0.25816,0.22876
8.164,normal_study,0.21050,0.26118,0.23584
8.199,normal_study,0.20956,0.27532,0.24244
8.235,normal_study,0.20369,0.26487,0.23428
8.271,normal_study,0.20853,0.26976,0.23914
8.306,normal_study,0.21466,0.27692,0.24579
8.341,normal_study,0.21982,0.27099,0.24541
8.376,normal_study,0.21650,0.26619,0.24134
8.411,normal_study,0.21393,0.26440,0.23917
8.447,normal_study,0.21408,0.26991,0.24200
8.483,normal_study,0.20972,0.27111,0.24042
8.519,normal_study,0.21279,0.27456,0.24368
8.554,normal_study,0.20700,0.27425,0.24062
8.589,normal_study,0.20722,0.26253,0.23488
8.625,normal_study,0.20893,0.26774,0.23833
8.659,normal_study,0.21402,0.27744,0.24573
8.695,normal_study,0.20753,0.27285,0.24019
8.730,normal_study,0.19014,0.23800,0.21407
8.765,normal_study,0.20247,0.23697,0.21972
8.800,normal_study,0.20734,0.24240,0.22487
8.837,normal_study,0.20363,0.24329,0.22346
8.871,normal_study,0.21064,0.24554,0.22809
8.907,normal_study,0.20612,0.24238,0.22425
8.941,normal_study,0.20703,0.24271,0.22487
8.977,normal_study,0.20759,0.25046,0.22903
9.012,normal_study,0.20900,0.25143,0.23021
9.062,normal_study,0.20738,0.25066,0.22902
9.097,normal_study,0.21029,0.24778,0.22904
9.154,normal_study,0.21266,0.24259,0.22762
9.189,normal_study,0.22500,0.24855,0.23677
9.224,normal_study,0.23144,0.25670,0.24407
9.260,normal_study,0.25216,0.27415,0.26315
9.295,normal_study,0.24625,0.26958,0.25791
9.330,normal_study,0.24768,0.26558,0.25663
9.366,normal_study,0.24004,0.27003,0.25503
9.401,normal_study,0.23922,0.27150,0.25536
9.438,normal_study,0.24585,0.27631,0.26108
9.472,normal_study,0.23818,0.28712,0.26265
9.508,normal_study,0.24129,0.28297,0.26213
9.542,normal_study,0.23909,0.29091,0.26500
9.578,normal_study,0.23858,0.29322,0.26590
9.614,normal_study,0.24213,0.29118,0.26666
9.650,normal_study,0.24343,0.28940,0.26641
9.684,normal_study,0.25276,0.28909,0.27093
9.721,normal_study,0.24801,0.29388,0.27095
9.755,normal_study,0.24981,0.29211,0.27096
9.791,normal_study,0.25543,0.30330,0.27936
9.826,normal_study,0.25584,0.29463,0.27524
9.860,normal_study,0.24689,0.29161,0.26925
9.896,normal_study,0.25349,0.29640,0.27494
9.931,normal_study,0.25691,0.30023,0.27857
9.967,normal_study,0.25520,0.29841,0.27680
10.003,normal_study,0.26118,0.29362,0.27740
10.037,normal_study,0.24647,0.29008,0.26828
10.074,normal_study,0.24610,0.26994,0.25802
10.108,normal_study,0.25009,0.27144,0.26077
10.142,normal_study,0.24915,0.27444,0.26179
10.179,normal_study,0.23803,0.27375,0.25589
10.214,normal_study,0.23671,0.27091,0.25381
10.250,normal_study,0.24971,0.27309,0.26140
10.285,normal_study,0.24805,0.27979,0.26392
10.321,normal_study,0.24967,0.28495,0.26731
10.356,normal_study,0.24691,0.28733,0.26712
10.392,normal_study,0.25426,0.28384,0.26905
10.426,normal_study,0.24102,0.27438,0.25770
10.462,normal_study,0.11466,0.14887,0.13176
10.497,normal_study,0.01570,0.06751,0.04161
10.532,normal_study,0.01372,0.06998,0.04185
10.568,normal_study,0.04159,0.15057,0.09608
10.603,normal_study,0.13891,0.22116,0.18004
10.639,normal_study,0.19638,0.24398,0.22018
10.675,normal_study,0.21974,0.27489,0.24731
10.709,normal_study,0.22919,0.28442,0.25681
10.744,normal_study,0.23383,0.28325,0.25854
10.780,normal_study,0.22813,0.27835,0.25324
10.814,normal_study,0.23249,0.27983,0.25616
10.850,normal_study,0.24158,0.27989,0.26073
10.886,normal_study,0.24153,0.29162,0.26657
10.922,normal_study,0.24206,0.29192,0.26699
10.959,normal_study,0.24266,0.29992,0.27129
10.992,normal_study,0.24229,0.29525,0.26877
11.027,normal_study,0.23383,0.29435,0.26409
11.063,normal_study,0.24533,0.28340,0.26437
11.097,normal_study,0.24786,0.29397,0.27092
11.134,normal_study,0.24943,0.30389,0.27666
11.169,normal_study,0.24079,0.29716,0.26898
11.205,normal_study,0.24710,0.30074,0.27392
11.240,normal_study,0.25210,0.29846,0.27528
11.274,normal_study,0.24271,0.29783,0.27027
11.309,normal_study,0.24230,0.29669,0.26949
11.345,normal_study,0.23822,0.29184,0.26503
11.381,normal_study,0.23850,0.29510,0.26680
11.415,normal_study,0.24680,0.29952,0.27316
11.452,normal_study,0.24683,0.29767,0.27225
11.487,normal_study,0.24989,0.30294,0.27641
11.522,normal_study,0.24812,0.29785,0.27299
11.559,normal_study,0.24715,0.29828,0.27272
11.593,normal_study,0.24904,0.29872,0.27388
11.629,normal_study,0.24431,0.30016,0.27224
11.663,normal_study,0.24478,0.29970,0.27224
11.699,normal_study,0.24609,0.28892,0.26750
11.734,normal_study,0.25098,0.29057,0.27077
11.770,normal_study,0.24605,0.29356,0.26980
11.804,normal_study,0.24853,0.29305,0.27079
11.840,normal_study,0.24132,0.29434,0.26783
11.875,normal_study,0.24811,0.29259,0.27035
11.911,normal_study,0.24947,0.28765,0.26856
11.947,normal_study,0.25024,0.29352,0.27188
11.981,normal_study,0.24609,0.29581,0.27095
12.017,normal_study,0.24446,0.29545,0.26996
12.052,normal_study,0.24485,0.29518,0.27002
12.088,normal_study,0.24765,0.29436,0.27100
12.123,normal_study,0.24301,0.29465,0.26883
12.159,normal_study,0.24537,0.29021,0.26779
12.194,normal_study,0.24176,0.29316,0.26746
12.229,normal_study,0.24194,0.29926,0.27060
12.264,normal_study,0.24058,0.29851,0.26955
12.300,normal_study,0.24467,0.29462,0.26964
12.335,normal_study,0.24176,0.29518,0.26847
12.370,normal_study,0.24647,0.29563,0.27105
12.406,normal_study,0.24160,0.29355,0.26758
12.441,normal_study,0.24819,0.28932,0.26875
12.477,normal_study,0.24713,0.29217,0.26965
12.512,normal_study,0.24293,0.28871,0.26582
12.548,normal_study,0.24529,0.28997,0.26763
12.583,normal_study,0.24293,0.29084,0.26688
12.617,normal_study,0.25046,0.29118,0.27082
12.654,normal_study,0.25113,0.28807,0.26960
12.689,normal_study,0.24952,0.29054,0.27003
12.723,normal_study,0.24981,0.28842,0.26912
12.760,normal_study,0.24999,0.29480,0.27239
12.795,normal_study,0.25323,0.28584,0.26953
12.831,normal_study,0.25190,0.29227,0.27209
12.866,normal_study,0.25348,0.29227,0.27288
12.901,normal_study,0.25441,0.29044,0.27242
12.937,normal_study,0.25517,0.29176,0.27347
12.973,normal_study,0.25178,0.29010,0.27094
13.008,normal_study,0.25337,0.29087,0.27212
13.043,normal_study,0.24060,0.28262,0.26161
13.077,normal_study,0.24796,0.28416,0.26606
13.113,normal_study,0.24812,0.28682,0.26747
13.148,normal_study,0.24906,0.28879,0.26893
13.183,normal_study,0.25271,0.28503,0.26887
13.218,normal_study,0.25623,0.28410,0.27016
13.254,normal_study,0.25172,0.28042,0.26607
13.290,normal_study,0.24909,0.28077,0.26493
13.325,normal_study,0.24145,0.27189,0.25667
13.361,normal_study,0.24367,0.27514,0.25941
13.395,normal_study,0.24869,0.26595,0.25732
13.431,normal_study,0.23663,0.26092,0.24877
13.466,normal_study,0.23304,0.25136,0.24220
13.501,normal_study,0.22625,0.26372,0.24498
13.537,normal_study,0.23953,0.25544,0.24749
13.572,normal_study,0.23609,0.25881,0.24745
13.608,normal_study,0.22843,0.26027,0.24435
13.643,normal_study,0.22088,0.24566,0.23327
13.678,normal_study,0.19953,0.22372,0.21163
13.713,normal_study,0.20019,0.22939,0.21479
13.749,normal_study,0.20766,0.23790,0.22278
13.784,normal_study,0.20576,0.24208,0.22392
13.819,normal_study,0.20471,0.23909,0.22190
13.855,normal_study,0.20811,0.23715,0.22263
13.891,normal_study,0.21024,0.24265,0.22645
13.925,normal_study,0.21092,0.23683,0.22388
13.961,normal_study,0.21273,0.23614,0.22444
13.996,normal_study,0.21615,0.23551,0.22583
14.032,normal_study,0.21091,0.24344,0.22717
14.067,normal_study,0.20273,0.23941,0.22107
14.102,normal_study,0.19529,0.24334,0.21932
14.138,normal_study,0.20469,0.24350,0.22409
14.173,normal_study,0.20631,0.24304,0.22467
14.208,normal_study,0.20923,0.24102,0.22512
14.244,normal_study,0.20916,0.24238,0.22577
14.278,normal_study,0.20439,0.23267,0.21853
14.314,normal_study,0.14390,0.20409,0.17400
14.350,normal_study,0.13755,0.20670,0.17212
14.385,normal_study,0.13274,0.20183,0.16728
14.421,normal_study,0.11972,0.21076,0.16524
14.456,normal_study,0.12901,0.20528,0.16714
14.492,normal_study,0.11988,0.20506,0.16247
14.527,normal_study,0.11871,0.20804,0.16338
14.561,normal_study,0.11532,0.21296,0.16414
14.597,normal_study,0.12972,0.22532,0.17752
14.633,normal_study,0.15071,0.20776,0.17924
14.668,normal_study,0.14385,0.20531,0.17458
14.703,normal_study,0.11180,0.22013,0.16596
14.738,normal_study,0.18725,0.21808,0.20266
14.777,normal_study,0.21139,0.25478,0.23309
14.809,normal_study,0.21033,0.24475,0.22754
14.845,normal_study,0.21028,0.24410,0.22719
14.881,normal_study,0.20946,0.24104,0.22525
14.916,normal_study,0.19672,0.23703,0.21688
14.951,normal_study,0.20767,0.23761,0.22264
14.986,normal_study,0.20833,0.23981,0.22407
15.021,normal_study,0.21217,0.23618,0.22417
15.058,normal_study,0.21202,0.23588,0.22395
15.092,normal_study,0.20680,0.23268,0.21974
15.127,normal_study,0.17006,0.21499,0.19253
15.163,normal_study,0.18633,0.22039,0.20336
15.198,normal_study,0.18057,0.22612,0.20334
15.233,normal_study,0.18165,0.22132,0.20149
15.270,normal_study,0.18376,0.22218,0.20297
15.305,normal_study,0.17600,0.21613,0.19606
15.340,normal_study,0.18359,0.22356,0.20358
15.376,normal_study,0.19405,0.21834,0.20620
15.410,normal_study,0.18175,0.22163,0.20169
15.446,normal_study,0.19009,0.23129,0.21069
15.481,normal_study,0.16605,0.22011,0.19308
15.517,normal_study,0.16461,0.22252,0.19356
15.552,normal_study,0.15960,0.22519,0.19239
15.587,normal_study,0.19918,0.22622,0.21270
15.623,normal_study,0.19381,0.22954,0.21167
15.657,normal_study,0.19738,0.22726,0.21232
15.694,normal_study,0.18164,0.22685,0.20425
15.728,normal_study,0.17897,0.22452,0.20175
15.763,normal_study,0.18922,0.21435,0.20178
15.799,normal_study,0.17977,0.21566,0.19772
15.835,normal_study,0.18600,0.21964,0.20282
15.870,normal_study,0.19150,0.22398,0.20774
15.911,normal_study,0.18893,0.21896,0.20394
15.942,normal_study,0.18775,0.21874,0.20324
15.979,normal_study,0.17114,0.21309,0.19211
16.054,normal_study,0.19677,0.23489,0.21583
16.126,normal_study,0.20903,0.24154,0.22529
16.188,normal_study,0.21196,0.23493,0.22344
16.227,normal_study,0.21146,0.24376,0.22761
16.260,normal_study,0.20472,0.24614,0.22543
16.296,normal_study,0.21109,0.24392,0.22751
16.331,normal_study,0.20749,0.24991,0.22870
16.365,normal_study,0.20861,0.24766,0.22814
16.402,normal_study,0.20546,0.24051,0.22299
16.438,normal_study,0.20625,0.23807,0.22216
16.471,normal_study,0.20691,0.24450,0.22570
16.507,normal_study,0.20509,0.24473,0.22491
16.544,normal_study,0.21399,0.24760,0.23079
16.579,normal_study,0.21639,0.23729,0.22684
16.626,normal_study,0.22419,0.24385,0.23402
16.687,normal_study,0.21590,0.24849,0.23220
16.757,normal_study,0.21693,0.24482,0.23087
16.795,normal_study,0.21164,0.24317,0.22740
16.876,normal_study,0.19237,0.21868,0.20552
16.973,normal_study,0.20233,0.23223,0.21728
17.288,normal_study,0.19553,0.22162,0.20858
17.364,normal_study,0.20976,0.24172,0.22574
17.418,normal_study,0.21174,0.27127,0.24150
17.487,normal_study,0.22428,0.26176,0.24302
17.961,normal_study,0.22479,0.26081,0.24280
18.020,normal_study,0.23859,0.28420,0.26139
18.079,normal_study,0.24173,0.27136,0.25654
18.144,normal_study,0.24750,0.27605,0.26178
18.218,normal_study,0.25324,0.27642,0.26483
18.626,normal_study,0.25288,0.26833,0.26060
18.844,normal_study,0.25451,0.26754,0.26103
18.903,normal_study,0.24046,0.26655,0.25350
18.965,normal_study,0.24337,0.27230,0.25784
19.030,normal_study,0.23917,0.27733,0.25825
19.100,normal_study,0.24198,0.27532,0.25865
19.170,normal_study,0.24405,0.27010,0.25708
19.208,normal_study,0.23471,0.25465,0.24468
19.287,normal_study,0.23127,0.26172,0.24650
19.585,normal_study,0.22867,0.26193,0.24530
19.750,normal_study,0.23203,0.25749,0.24476
19.831,normal_study,0.23590,0.26630,0.25110
20.046,normal_study,0.23111,0.26418,0.24765
20.169,normal_study,0.21195,0.24861,0.23028
20.255,normal_study,0.21459,0.24973,0.23216
20.355,normal_study,0.19658,0.24365,0.22011
20.435,normal_study,0.22260,0.24263,0.23262
20.506,normal_study,0.21169,0.24073,0.22621
20.562,normal_study,0.21278,0.25505,0.23391
20.636,normal_study,0.22368,0.25257,0.23812
20.986,normal_study,0.21080,0.26124,0.23602
21.077,normal_study,0.22341,0.26738,0.24540
21.145,normal_study,0.22813,0.27014,0.24913
21.205,normal_study,0.22686,0.26703,0.24694
21.266,normal_study,0.23336,0.27412,0.25374
21.325,normal_study,0.22051,0.27063,0.24557
21.387,normal_study,0.22840,0.27006,0.24923
21.468,normal_study,0.22337,0.27157,0.24747
21.552,normal_study,0.23273,0.28273,0.25773
21.610,normal_study,0.22811,0.27373,0.25092
21.682,normal_study,0.21715,0.25680,0.23698
21.754,normal_study,0.22794,0.26830,0.24812
21.821,normal_study,0.22812,0.26724,0.24768
21.891,normal_study,0.22030,0.27376,0.24703
21.961,normal_study,0.22495,0.26814,0.24655
22.042,normal_study,0.23121,0.26955,0.25038
22.104,normal_study,0.22412,0.27265,0.24838
22.176,normal_study,0.22458,0.26833,0.24645
22.244,normal_study,0.22494,0.26532,0.24513
22.319,normal_study,0.21983,0.26688,0.24336
22.383,normal_study,0.22785,0.25984,0.24384
22.451,normal_study,0.23181,0.26065,0.24623
22.522,normal_study,0.23104,0.26174,0.24639
22.595,normal_study,0.22954,0.25730,0.24342
22.675,normal_study,0.23552,0.26239,0.24895
22.793,normal_study,0.22891,0.25896,0.24394
22.861,normal_study,0.23711,0.26209,0.24960
22.929,normal_study,0.23523,0.26019,0.24771
22.990,normal_study,0.23578,0.24868,0.24223
23.058,normal_study,0.22791,0.25351,0.24071
23.124,normal_study,0.14240,0.19749,0.16995
23.194,normal_study,0.13212,0.20933,0.17072
23.261,normal_study,0.14710,0.20516,0.17613
23.293,normal_study,0.13055,0.20997,0.17026
23.328,normal_study,0.17432,0.20905,0.19168
23.365,normal_study,0.20967,0.23124,0.22046
23.405,normal_study,0.21756,0.23928,0.22842
23.476,normal_study,0.22522,0.24772,0.23647
23.552,normal_study,0.20734,0.24840,0.22787
23.597,normal_study,0.21245,0.25259,0.23252
23.669,normal_study,0.21875,0.24956,0.23415
23.729,normal_study,0.21272,0.25227,0.23249
23.800,normal_study,0.21761,0.25592,0.23677
23.869,normal_study,0.22278,0.26077,0.24178
23.933,normal_study,0.22205,0.25834,0.24019
23.964,normal_study,0.22024,0.25239,0.23631
23.999,normal_study,0.23127,0.25291,0.24209
24.035,normal_study,0.22583,0.25468,0.24026
24.070,normal_study,0.22269,0.25249,0.23759
24.106,normal_study,0.22303,0.24148,0.23225
24.142,normal_study,0.20572,0.23704,0.22138
24.177,normal_study,0.21679,0.25606,0.23643
24.212,normal_study,0.21557,0.25173,0.23365
24.247,normal_study,0.22485,0.24367,0.23426
24.283,normal_study,0.21810,0.25158,0.23484
24.319,normal_study,0.22518,0.25211,0.23865
24.354,normal_study,0.22769,0.25255,0.24012
24.389,normal_study,0.22909,0.25952,0.24430
24.424,normal_study,0.22483,0.26014,0.24249
24.459,normal_study,0.22184,0.24759,0.23472
24.494,normal_study,0.22515,0.24586,0.23550
24.530,normal_study,0.19618,0.22377,0.20997
24.564,normal_study,0.14631,0.20611,0.17621
24.600,normal_study,0.13912,0.22272,0.18092
24.636,normal_study,0.16321,0.22253,0.19287
24.671,normal_study,0.13115,0.23580,0.18348
24.708,normal_study,0.13064,0.21092,0.17078
24.742,normal_study,0.13899,0.20672,0.17285
24.778,normal_study,0.15058,0.20487,0.17772
24.813,normal_study,0.13467,0.21834,0.17650
24.848,normal_study,0.15519,0.21154,0.18337
24.884,normal_study,0.14503,0.21059,0.17781
24.920,normal_study,0.14982,0.21639,0.18311
24.954,normal_study,0.14120,0.20944,0.17532
24.989,normal_study,0.11976,0.21152,0.16564
25.025,normal_study,0.14083,0.21132,0.17608
25.060,normal_study,0.12707,0.20414,0.16560
25.095,normal_study,0.11532,0.21736,0.16634
25.131,normal_study,0.13665,0.21301,0.17483
25.166,normal_study,0.13050,0.21531,0.17291
25.201,normal_study,0.13483,0.21409,0.17446
25.237,normal_study,0.13515,0.21104,0.17310
25.273,normal_study,0.14030,0.20665,0.17347
25.308,normal_study,0.12544,0.20476,0.16510
25.344,normal_study,0.13834,0.20995,0.17415
25.379,normal_study,0.12832,0.19264,0.16048
25.414,normal_study,0.14549,0.21549,0.18049
25.450,normal_study,0.13908,0.20723,0.17315
25.487,normal_study,0.15021,0.20729,0.17875
25.521,normal_study,0.15105,0.22451,0.18778
25.558,normal_study,0.16478,0.21953,0.19215
25.595,normal_study,0.15482,0.20721,0.18101
25.634,normal_study,0.14799,0.21833,0.18316
25.711,normal_study,0.17987,0.18636,0.18312
25.798,normal_study,0.21099,0.25612,0.23356
25.871,normal_study,0.20950,0.23551,0.22250
25.937,normal_study,0.20972,0.26982,0.23977
25.996,normal_study,0.20233,0.26520,0.23376
26.084,normal_study,0.21308,0.25233,0.23270
26.144,normal_study,0.21567,0.25562,0.23564
26.205,normal_study,0.21982,0.25482,0.23732
26.281,normal_study,0.21121,0.26790,0.23955
26.347,normal_study,0.22386,0.23534,0.22960
26.418,normal_study,0.01236,0.03390,0.02313
26.485,normal_study,0.02840,0.04357,0.03598
26.559,normal_study,0.07819,0.14628,0.11224
26.624,normal_study,0.09434,0.14641,0.12038
26.692,normal_study,0.11612,0.19378,0.15495
26.729,normal_study,0.08004,0.18833,0.13419
26.764,normal_study,0.10340,0.18694,0.14517
26.835,normal_study,0.10477,0.20388,0.15433
26.902,normal_study,0.22147,0.23787,0.22967
26.934,normal_study,0.21086,0.24478,0.22782
26.969,normal_study,0.20967,0.24552,0.22759
27.004,normal_study,0.20943,0.24755,0.22849
27.040,normal_study,0.21170,0.24938,0.23054
27.075,normal_study,0.20882,0.25029,0.22956
27.110,normal_study,0.20728,0.24821,0.22775
27.146,normal_study,0.20813,0.25378,0.23096
27.180,normal_study,0.21796,0.24993,0.23394
27.216,normal_study,0.20798,0.25079,0.22938
27.251,normal_study,0.19470,0.23839,0.21654
27.287,normal_study,0.16520,0.23532,0.20026
27.323,normal_study,0.18964,0.21959,0.20461
27.358,normal_study,0.19172,0.22840,0.21006
27.394,normal_study,0.18644,0.23523,0.21083
27.428,normal_study,0.18237,0.21906,0.20072
27.464,normal_study,0.18317,0.22616,0.20466
27.499,normal_study,0.18048,0.23323,0.20686
27.534,normal_study,0.16458,0.22778,0.19618
27.570,normal_study,0.17798,0.22295,0.20046
27.606,normal_study,0.18473,0.22759,0.20616
27.641,normal_study,0.17617,0.22532,0.20074
27.676,normal_study,0.15873,0.22807,0.19340
27.712,normal_study,0.18286,0.23179,0.20733
27.749,normal_study,0.17411,0.23133,0.20272
27.785,normal_study,0.18661,0.22711,0.20686
27.821,normal_study,0.17545,0.21595,0.19570
27.863,normal_study,0.18413,0.21215,0.19814
27.939,normal_study,0.18892,0.21902,0.20397
28.018,normal_study,0.15001,0.23358,0.19179
28.087,normal_study,0.17396,0.22348,0.19872
28.147,normal_study,0.18724,0.22240,0.20482
28.218,normal_study,0.19139,0.23438,0.21289
28.283,normal_study,0.17156,0.23747,0.20452
28.318,normal_study,0.17689,0.23498,0.20594
28.352,normal_study,0.15610,0.23228,0.19419
28.385,normal_study,0.17991,0.21904,0.19947
28.418,normal_study,0.17958,0.22380,0.20169
28.453,normal_study,0.15280,0.21984,0.18632
28.490,normal_study,0.15975,0.22100,0.19038
28.524,normal_study,0.17967,0.21823,0.19895
28.561,normal_study,0.16840,0.21806,0.19323
28.596,normal_study,0.17747,0.21860,0.19803
28.630,normal_study,0.17227,0.21576,0.19401
28.666,normal_study,0.17217,0.22086,0.19651
28.701,normal_study,0.17126,0.22039,0.19582
28.737,normal_study,0.18217,0.22248,0.20232
28.775,normal_study,0.17513,0.22892,0.20202
28.809,normal_study,0.17359,0.22322,0.19840
28.846,normal_study,0.16894,0.22253,0.19573
28.881,normal_study,0.16990,0.22239,0.19615
28.916,normal_study,0.17455,0.22201,0.19828
28.953,normal_study,0.16183,0.22303,0.19243
28.990,normal_study,0.15003,0.22598,0.18800
29.025,normal_study,0.16025,0.22566,0.19295
29.064,normal_study,0.15967,0.22281,0.19124
29.101,normal_study,0.16655,0.23081,0.19868
29.169,normal_study,0.16120,0.22750,0.19435
29.240,normal_study,0.16787,0.23177,0.19982
29.309,normal_study,0.17046,0.22005,0.19526
29.343,normal_study,0.17014,0.21873,0.19443
29.378,normal_study,0.17211,0.21787,0.19499
29.414,normal_study,0.16444,0.22113,0.19279
29.444,normal_study,0.18145,0.21758,0.19952
29.479,normal_study,0.16589,0.21714,0.19151
29.514,normal_study,0.16805,0.22164,0.19484
29.549,normal_study,0.17824,0.21951,0.19887
29.585,normal_study,0.17221,0.22143,0.19682
29.620,normal_study,0.17881,0.22532,0.20206
29.656,normal_study,0.16674,0.22886,0.19780
29.691,normal_study,0.17386,0.21723,0.19554
29.750,normal_study,0.16577,0.22463,0.19520
29.826,normal_study,0.17720,0.23098,0.20409
30.124,normal_study,0.20550,0.24660,0.22605
30.204,normal_study,0.21591,0.25143,0.23367
30.264,normal_study,0.21023,0.24765,0.22894
30.330,normal_study,0.18212,0.24073,0.21142
30.362,normal_study,0.18898,0.23891,0.21395
30.398,normal_study,0.17842,0.24123,0.20983
30.433,normal_study,0.20091,0.23391,0.21741
30.468,normal_study,0.19500,0.23685,0.21593
30.504,normal_study,0.18447,0.24430,0.21438
30.541,normal_study,0.19548,0.23399,0.21473
30.575,normal_study,0.18692,0.23056,0.20874
30.609,normal_study,0.19241,0.22900,0.21070
30.645,normal_study,0.19537,0.23276,0.21407
30.681,normal_study,0.17881,0.23402,0.20641
30.715,normal_study,0.17392,0.23555,0.20474
30.751,normal_study,0.17654,0.23816,0.20735
30.786,normal_study,0.17625,0.24175,0.20900
30.822,normal_study,0.18773,0.24885,0.21829
30.857,normal_study,0.19167,0.25038,0.22102
30.892,normal_study,0.18202,0.25103,0.21652
30.928,normal_study,0.18731,0.25140,0.21936
30.964,normal_study,0.18572,0.25138,0.21855
30.999,normal_study,0.18982,0.25151,0.22066
31.034,normal_study,0.19207,0.25514,0.22361
31.069,normal_study,0.17910,0.25839,0.21875
31.104,normal_study,0.18088,0.24443,0.21265
31.139,normal_study,0.18459,0.25127,0.21793
31.175,normal_study,0.17886,0.25200,0.21543
31.210,normal_study,0.18238,0.25329,0.21783
31.246,normal_study,0.18223,0.25775,0.21999
31.280,normal_study,0.19009,0.25651,0.22330
31.316,normal_study,0.19035,0.25341,0.22188
31.352,normal_study,0.18151,0.25125,0.21638
31.387,normal_study,0.18416,0.24863,0.21640
31.422,normal_study,0.18573,0.25046,0.21809
31.458,normal_study,0.19418,0.24400,0.21909
31.493,normal_study,0.18633,0.23734,0.21184
31.528,normal_study,0.18421,0.24147,0.21284
31.564,normal_study,0.18804,0.24631,0.21718
31.598,normal_study,0.20146,0.24755,0.22450
31.634,normal_study,0.19243,0.24295,0.21769
31.669,normal_study,0.18558,0.24277,0.21417
31.705,normal_study,0.19029,0.24231,0.21630
31.741,normal_study,0.19302,0.24738,0.22020
31.777,normal_study,0.19458,0.24891,0.22174
31.811,normal_study,0.20018,0.24893,0.22455
31.846,normal_study,0.20554,0.24918,0.22736
31.882,normal_study,0.20288,0.25385,0.22836
31.917,normal_study,0.21043,0.24330,0.22686
31.953,normal_study,0.20828,0.25128,0.22978
31.988,normal_study,0.21156,0.25626,0.23391
32.035,normal_study,0.20585,0.25644,0.23114
32.095,normal_study,0.21715,0.26014,0.23865
32.130,normal_study,0.21173,0.25879,0.23526
32.165,normal_study,0.21321,0.25811,0.23566
32.201,normal_study,0.20809,0.25922,0.23366
32.235,normal_study,0.20720,0.25499,0.23110
32.271,normal_study,0.20683,0.26040,0.23362
32.306,normal_study,0.20947,0.25420,0.23184
32.340,normal_study,0.20641,0.25586,0.23113
32.377,normal_study,0.20368,0.25600,0.22984
32.412,normal_study,0.20524,0.26132,0.23328
32.448,normal_study,0.20518,0.25960,0.23239
32.483,normal_study,0.20319,0.26124,0.23221
32.518,normal_study,0.20232,0.25836,0.23034
32.554,normal_study,0.19881,0.25327,0.22604
32.589,normal_study,0.20358,0.25451,0.22904
32.624,normal_study,0.20431,0.26000,0.23216
32.660,normal_study,0.20587,0.26263,0.23425
32.694,normal_study,0.20624,0.25980,0.23302
32.730,normal_study,0.20564,0.26036,0.23300
32.766,normal_study,0.20299,0.26260,0.23280
32.801,normal_study,0.20729,0.25899,0.23314
32.836,normal_study,0.20364,0.26566,0.23465
32.871,normal_study,0.19854,0.26874,0.23364
32.906,normal_study,0.19426,0.26685,0.23055
32.942,normal_study,0.19911,0.26722,0.23316
32.977,normal_study,0.19674,0.26747,0.23210
33.013,normal_study,0.19800,0.26710,0.23255
33.048,normal_study,0.19303,0.26865,0.23084
33.083,normal_study,0.18581,0.26754,0.22667
33.119,normal_study,0.19270,0.26622,0.22946
33.154,normal_study,0.18610,0.26833,0.22722
33.190,normal_study,0.18789,0.26848,0.22819
33.225,normal_study,0.17856,0.26722,0.22289
33.260,normal_study,0.18631,0.26764,0.22697
33.295,normal_study,0.18732,0.26526,0.22629
33.331,normal_study,0.18696,0.26668,0.22682
33.366,normal_study,0.18134,0.27065,0.22599
33.402,normal_study,0.17520,0.27066,0.22293
33.437,normal_study,0.18034,0.26660,0.22347
33.472,normal_study,0.16631,0.26863,0.21747
33.507,normal_study,0.17240,0.26999,0.22120
33.543,normal_study,0.17426,0.27080,0.22253
33.578,normal_study,0.17829,0.26668,0.22248
33.614,normal_study,0.16814,0.27089,0.21952
33.649,normal_study,0.17045,0.27013,0.22029
33.684,normal_study,0.15716,0.26894,0.21305
33.719,normal_study,0.15487,0.26975,0.21231
33.755,normal_study,0.16767,0.27118,0.21943
33.790,normal_study,0.16714,0.27368,0.22041
33.826,normal_study,0.16390,0.27429,0.21910
33.861,normal_study,0.17850,0.24451,0.21150
33.896,normal_study,0.15925,0.22623,0.19274
33.931,normal_study,0.15598,0.22537,0.19068
33.966,normal_study,0.17868,0.23517,0.20693
34.003,normal_study,0.17649,0.23889,0.20769
34.037,normal_study,0.18264,0.23497,0.20881
34.074,normal_study,0.19068,0.23680,0.21374
34.108,normal_study,0.19028,0.23708,0.21368
34.144,normal_study,0.19553,0.23791,0.21672
34.179,normal_study,0.19774,0.23604,0.21689
34.215,normal_study,0.18851,0.23849,0.21350
34.250,normal_study,0.20209,0.23761,0.21985
34.286,normal_study,0.20093,0.23633,0.21863
34.322,normal_study,0.20641,0.23690,0.22166
34.356,normal_study,0.20445,0.24079,0.22262
34.394,normal_study,0.20344,0.23765,0.22055
34.427,normal_study,0.20470,0.23586,0.22028
34.462,normal_study,0.20522,0.23250,0.21886
34.498,normal_study,0.20402,0.23888,0.22145
34.533,normal_study,0.19960,0.23622,0.21791
34.568,normal_study,0.20337,0.23511,0.21924
34.603,normal_study,0.20435,0.23771,0.22103
34.639,normal_study,0.20526,0.24406,0.22466
34.674,normal_study,0.20238,0.24135,0.22186
34.709,normal_study,0.20288,0.24411,0.22349
34.745,normal_study,0.18114,0.24251,0.21182
34.780,normal_study,0.15389,0.24834,0.20112
34.815,normal_study,0.16696,0.24864,0.20780
34.851,normal_study,0.16949,0.25058,0.21004
34.886,normal_study,0.16829,0.25476,0.21152
34.922,normal_study,0.16470,0.26375,0.21422
34.957,normal_study,0.16325,0.26451,0.21388
34.992,normal_study,0.15934,0.26579,0.21256
35.028,normal_study,0.16459,0.26698,0.21578
35.063,normal_study,0.15716,0.26772,0.21244
35.099,normal_study,0.15849,0.27328,0.21589
35.133,normal_study,0.16584,0.26931,0.21757
35.169,normal_study,0.16431,0.26814,0.21623
35.205,normal_study,0.16464,0.26761,0.21612
35.240,normal_study,0.16499,0.26573,0.21536
35.275,normal_study,0.17820,0.26696,0.22258
35.311,normal_study,0.17109,0.26658,0.21884
35.346,normal_study,0.18171,0.26535,0.22353
35.381,normal_study,0.17861,0.26433,0.22147
35.416,normal_study,0.18227,0.26663,0.22445
35.452,normal_study,0.18352,0.26469,0.22411
35.487,normal_study,0.17954,0.26610,0.22282
35.523,normal_study,0.17106,0.26748,0.21927
35.558,normal_study,0.17073,0.26433,0.21753
35.593,normal_study,0.17164,0.27034,0.22099
35.629,normal_study,0.16687,0.27139,0.21913
35.664,normal_study,0.16578,0.27054,0.21816
35.699,normal_study,0.17724,0.27069,0.22396
35.734,normal_study,0.16642,0.26982,0.21812
35.770,normal_study,0.17017,0.27007,0.22012
35.806,normal_study,0.17491,0.27154,0.22322
35.841,normal_study,0.17329,0.27100,0.22214
35.876,normal_study,0.17257,0.26865,0.22061
35.911,normal_study,0.17900,0.27143,0.22521
35.947,normal_study,0.17299,0.26851,0.22075
35.982,normal_study,0.17553,0.26207,0.21880
36.018,normal_study,0.17219,0.26093,0.21656
36.054,normal_study,0.17300,0.26232,0.21766
36.087,normal_study,0.18193,0.26057,0.22125
36.124,normal_study,0.18514,0.26100,0.22307
36.160,normal_study,0.18260,0.26629,0.22444
36.194,normal_study,0.19184,0.26451,0.22817
36.229,normal_study,0.18420,0.26652,0.22536
36.266,normal_study,0.18118,0.26932,0.22525
36.300,normal_study,0.18080,0.26817,0.22449
36.336,normal_study,0.17697,0.26958,0.22327
36.372,normal_study,0.18354,0.26760,0.22557
36.406,normal_study,0.18687,0.26407,0.22547
36.442,normal_study,0.18978,0.26827,0.22902
36.477,normal_study,0.18525,0.26426,0.22475
36.513,normal_study,0.17798,0.27010,0.22404
36.548,normal_study,0.17077,0.26408,0.21742
36.583,normal_study,0.17275,0.26690,0.21983
36.618,normal_study,0.17348,0.26710,0.22029
36.654,normal_study,0.18531,0.26424,0.22478
36.689,normal_study,0.18259,0.26561,0.22410
36.725,normal_study,0.17654,0.26978,0.22316
36.760,normal_study,0.17192,0.27213,0.22203
36.795,normal_study,0.17786,0.27492,0.22639
36.830,normal_study,0.17193,0.27217,0.22205
36.865,normal_study,0.16968,0.27230,0.22099
36.901,normal_study,0.17766,0.26873,0.22319
36.936,normal_study,0.17654,0.27302,0.22478
36.972,normal_study,0.17786,0.27327,0.22556
37.007,normal_study,0.17103,0.27222,0.22162
37.042,normal_study,0.16413,0.26986,0.21700
37.078,normal_study,0.17787,0.27136,0.22462
37.116,normal_study,0.17950,0.26907,0.22429
37.150,normal_study,0.16324,0.27050,0.21687
37.185,normal_study,0.16239,0.25964,0.21102
37.219,normal_study,0.17126,0.26589,0.21857
37.255,normal_study,0.16600,0.26391,0.21495
37.290,normal_study,0.18247,0.25744,0.21995
37.365,normal_study,0.17679,0.26154,0.21917
37.397,normal_study,0.17668,0.26760,0.22214
37.431,normal_study,0.16961,0.26718,0.21840
37.466,normal_study,0.18123,0.26974,0.22548
37.501,normal_study,0.17399,0.26459,0.21929
37.537,normal_study,0.16831,0.25723,0.21277
37.572,normal_study,0.17667,0.25963,0.21815
37.607,normal_study,0.17709,0.26576,0.22142
37.642,normal_study,0.18370,0.26520,0.22445
37.678,normal_study,0.18368,0.25285,0.21827
37.713,normal_study,0.13712,0.22500,0.18106
37.748,normal_study,0.17704,0.23475,0.20589
37.787,normal_study,0.18817,0.22667,0.20742
37.823,normal_study,0.18549,0.23713,0.21131
37.858,normal_study,0.19419,0.23308,0.21363
37.894,normal_study,0.19248,0.24238,0.21743
37.929,normal_study,0.19364,0.24173,0.21769
37.964,normal_study,0.19092,0.23827,0.21459
38.000,normal_study,0.18253,0.23599,0.20926
38.035,normal_study,0.18750,0.23432,0.21091
38.068,normal_study,0.18907,0.23647,0.21277
38.102,normal_study,0.20673,0.23285,0.21979
38.138,normal_study,0.21549,0.23497,0.22523
38.173,normal_study,0.26325,0.28455,0.27390
38.208,normal_study,0.28544,0.30399,0.29471
38.244,normal_study,0.27992,0.30312,0.29152
38.279,normal_study,0.26568,0.30257,0.28412
38.314,normal_study,0.27038,0.29671,0.28355
38.349,normal_study,0.26952,0.29085,0.28018
38.385,normal_study,0.26839,0.28942,0.27891
38.420,normal_study,0.25331,0.26740,0.26035
38.456,normal_study,0.25243,0.27041,0.26142
38.491,normal_study,0.24843,0.27284,0.26064
38.526,normal_study,0.25267,0.26659,0.25963
38.562,normal_study,0.24468,0.26613,0.25540
38.597,normal_study,0.25466,0.26848,0.26157
38.633,normal_study,0.24561,0.28033,0.26297
38.667,normal_study,0.23762,0.28073,0.25918
38.703,normal_study,0.23244,0.27608,0.25426
38.738,normal_study,0.24493,0.27606,0.26049
38.774,normal_study,0.24232,0.27896,0.26064
38.808,normal_study,0.28316,0.28803,0.28560
38.844,normal_study,0.29522,0.29832,0.29677
38.880,normal_study,0.26735,0.29173,0.27954
38.915,normal_study,0.25413,0.29080,0.27247
38.950,normal_study,0.23754,0.28259,0.26006
38.986,normal_study,0.23186,0.25625,0.24405
39.021,normal_study,0.23371,0.25868,0.24620
39.056,normal_study,0.23266,0.27049,0.25157
39.091,normal_study,0.24717,0.26438,0.25577
39.127,normal_study,0.27755,0.27583,0.27669
39.162,normal_study,0.27288,0.27217,0.27253
39.198,normal_study,0.25666,0.26836,0.26251
39.233,normal_study,0.25528,0.29101,0.27315
39.268,normal_study,0.25362,0.28665,0.27013
39.304,normal_study,0.26147,0.30617,0.28382
39.339,normal_study,0.25937,0.30916,0.28427
39.374,normal_study,0.24789,0.30186,0.27487
39.410,normal_study,0.25636,0.29132,0.27384
39.445,normal_study,0.25371,0.29629,0.27500
39.481,normal_study,0.25341,0.29104,0.27222
39.517,normal_study,0.24922,0.29343,0.27133
39.554,normal_study,0.24485,0.28988,0.26737
39.588,normal_study,0.24692,0.28928,0.26810
39.669,normal_study,0.24921,0.29306,0.27113
39.730,normal_study,0.24808,0.28795,0.26801
39.765,normal_study,0.24455,0.29247,0.26851
39.800,normal_study,0.24265,0.29970,0.27117
39.835,normal_study,0.24133,0.28894,0.26513
39.870,normal_study,0.23388,0.28811,0.26099
39.906,normal_study,0.27280,0.30375,0.28828
39.941,normal_study,0.27063,0.30242,0.28653
39.977,normal_study,0.27240,0.30186,0.28713
40.012,normal_study,0.25797,0.29721,0.27759
40.047,normal_study,0.25112,0.28826,0.26969
40.083,normal_study,0.25087,0.28698,0.26892
40.116,normal_study,0.25267,0.28291,0.26779
40.153,normal_study,0.25446,0.28783,0.27115
40.189,normal_study,0.25158,0.28972,0.27065
40.224,normal_study,0.25051,0.28767,0.26909
40.260,normal_study,0.25111,0.28683,0.26897
40.295,normal_study,0.24676,0.28738,0.26707
40.329,normal_study,0.24955,0.28838,0.26897
40.365,normal_study,0.25155,0.28557,0.26856
40.401,normal_study,0.24925,0.28985,0.26955
40.436,normal_study,0.24611,0.28842,0.26727
40.472,normal_study,0.24741,0.28137,0.26439
40.507,normal_study,0.25014,0.28410,0.26712
40.542,normal_study,0.24938,0.28829,0.26883
40.577,normal_study,0.24015,0.28397,0.26206
40.612,normal_study,0.23676,0.28738,0.26207
40.648,normal_study,0.23633,0.28879,0.26256
40.684,normal_study,0.24031,0.28933,0.26482
40.719,normal_study,0.24557,0.28579,0.26568
40.755,normal_study,0.24424,0.29569,0.26997
40.790,normal_study,0.24183,0.29195,0.26689
40.825,normal_study,0.23158,0.27938,0.25548
40.860,normal_study,0.23247,0.27931,0.25589
40.896,normal_study,0.24807,0.28219,0.26513
40.931,normal_study,0.24547,0.28682,0.26615
40.966,normal_study,0.25163,0.28707,0.26935
41.001,normal_study,0.25249,0.28909,0.27079
41.037,normal_study,0.24999,0.28870,0.26935
41.072,normal_study,0.23857,0.27809,0.25833
41.107,normal_study,0.23812,0.27623,0.25717
41.143,normal_study,0.25250,0.28819,0.27034
41.178,normal_study,0.25576,0.29370,0.27473
41.214,normal_study,0.25541,0.29392,0.27467
41.249,normal_study,0.25190,0.29065,0.27127
41.284,normal_study,0.25519,0.29084,0.27302
41.320,normal_study,0.25034,0.29198,0.27116
41.355,normal_study,0.25803,0.27784,0.26794
41.390,normal_study,0.25101,0.28231,0.26666
41.426,normal_study,0.25060,0.29487,0.27274
41.461,normal_study,0.25519,0.29259,0.27389
41.496,normal_study,0.25062,0.29488,0.27275
41.533,normal_study,0.25348,0.28486,0.26917
41.568,normal_study,0.24535,0.28333,0.26434
41.603,normal_study,0.24333,0.28497,0.26415
41.638,normal_study,0.24803,0.28443,0.26623
41.674,normal_study,0.24792,0.28403,0.26598
41.708,normal_study,0.24900,0.28077,0.26488
41.744,normal_study,0.25169,0.28244,0.26706
41.779,normal_study,0.24299,0.28566,0.26433
41.814,normal_study,0.24583,0.27446,0.26015
41.849,normal_study,0.24339,0.27814,0.26077
41.886,normal_study,0.25317,0.27606,0.26461
41.922,normal_study,0.24590,0.27924,0.26257
41.956,normal_study,0.24365,0.28689,0.26527
41.992,normal_study,0.24137,0.27006,0.25571
42.027,normal_study,0.24988,0.27916,0.26452
42.062,normal_study,0.24653,0.27738,0.26196
42.097,normal_study,0.24597,0.26927,0.25762
42.133,normal_study,0.24657,0.28161,0.26409
42.169,normal_study,0.24729,0.28189,0.26459
42.204,normal_study,0.24714,0.28074,0.26394
42.239,normal_study,0.24541,0.27839,0.26190
42.274,normal_study,0.25349,0.27655,0.26502
42.309,normal_study,0.25064,0.27904,0.26484
42.344,normal_study,0.24752,0.27745,0.26248
42.381,normal_study,0.24838,0.28195,0.26517
42.417,normal_study,0.24255,0.27097,0.25676
42.450,normal_study,0.23975,0.27768,0.25872
42.486,normal_study,0.24597,0.28503,0.26550
42.521,normal_study,0.24191,0.27933,0.26062
42.557,normal_study,0.25047,0.28171,0.26609
42.592,normal_study,0.26402,0.28188,0.27295
42.628,normal_study,0.24669,0.27676,0.26172
42.663,normal_study,0.24113,0.28037,0.26075
42.698,normal_study,0.26230,0.28661,0.27446
42.733,normal_study,0.25045,0.27477,0.26261
42.768,normal_study,0.26372,0.29921,0.28147
42.804,normal_study,0.25929,0.28650,0.27290
42.839,normal_study,0.24799,0.29230,0.27015
42.875,normal_study,0.24939,0.28377,0.26658
42.910,normal_study,0.25552,0.28916,0.27234
42.946,normal_study,0.26225,0.29090,0.27657
42.981,normal_study,0.26445,0.29925,0.28185
43.016,normal_study,0.25857,0.29406,0.27631
43.051,normal_study,0.26693,0.30102,0.28397
43.096,normal_study,0.25961,0.29292,0.27627
43.139,normal_study,0.26003,0.27612,0.26807
43.193,normal_study,0.26241,0.28270,0.27255
43.229,normal_study,0.25842,0.29073,0.27457
43.264,normal_study,0.25195,0.28602,0.26898
43.300,normal_study,0.25480,0.27140,0.26310
43.334,normal_study,0.23708,0.26221,0.24964
43.369,normal_study,0.23649,0.26761,0.25205
43.405,normal_study,0.23525,0.26532,0.25028
43.440,normal_study,0.23848,0.27074,0.25461
43.476,normal_study,0.24285,0.27692,0.25989
43.511,normal_study,0.24268,0.27476,0.25872
43.546,normal_study,0.24744,0.26965,0.25854
43.582,normal_study,0.24479,0.27199,0.25839
43.616,normal_study,0.23623,0.28149,0.25886
43.652,normal_study,0.24131,0.27502,0.25817
43.688,normal_study,0.24983,0.27450,0.26217
43.724,normal_study,0.24604,0.29338,0.26971
43.758,normal_study,0.23960,0.27961,0.25961
43.793,normal_study,0.24547,0.27995,0.26271
43.830,normal_study,0.24022,0.27199,0.25610
43.864,normal_study,0.23851,0.27472,0.25662
43.899,normal_study,0.23415,0.28367,0.25891
43.935,normal_study,0.24445,0.28029,0.26237
43.970,normal_study,0.24301,0.27444,0.25872
44.005,normal_study,0.24620,0.27129,0.25874
44.040,normal_study,0.24750,0.27642,0.26196
44.076,normal_study,0.24022,0.27700,0.25861
44.112,normal_study,0.27251,0.30371,0.28811
44.146,normal_study,0.26633,0.29688,0.28161
44.183,normal_study,0.26963,0.29344,0.28154
44.218,normal_study,0.26755,0.29088,0.27921
44.254,normal_study,0.26996,0.30167,0.28581
44.332,normal_study,0.28612,0.29905,0.29259
44.395,normal_study,0.26990,0.30312,0.28651
44.429,normal_study,0.27039,0.28726,0.27882
44.465,normal_study,0.26556,0.29168,0.27862
44.500,normal_study,0.26547,0.29733,0.28140
44.536,normal_study,0.26135,0.28287,0.27211
44.571,normal_study,0.26535,0.28183,0.27359
44.608,normal_study,0.26053,0.27519,0.26786
44.642,normal_study,0.25862,0.27538,0.26700
44.677,normal_study,0.25799,0.27761,0.26780
44.713,normal_study,0.25254,0.27727,0.26491
44.748,normal_study,0.25002,0.27831,0.26416
44.783,normal_study,0.25575,0.28290,0.26933
44.819,normal_study,0.26219,0.28678,0.27448
44.854,normal_study,0.25958,0.27857,0.26907
44.890,normal_study,0.25330,0.27621,0.26476
44.925,normal_study,0.25805,0.27559,0.26682
44.959,normal_study,0.26292,0.27423,0.26858
44.995,normal_study,0.25006,0.26967,0.25987
45.032,normal_study,0.24986,0.27577,0.26282
45.066,normal_study,0.25628,0.28672,0.27150
45.101,normal_study,0.25729,0.28924,0.27327
45.137,normal_study,0.26234,0.29192,0.27713
45.173,normal_study,0.26196,0.29605,0.27901
45.208,normal_study,0.25799,0.29165,0.27482
45.242,normal_study,0.25779,0.29342,0.27561
45.279,normal_study,0.26095,0.29346,0.27721
45.314,normal_study,0.25884,0.29601,0.27743
45.349,normal_study,0.26471,0.29554,0.28013
45.384,normal_study,0.26890,0.29465,0.28178
45.420,normal_study,0.25725,0.29960,0.27842
45.455,normal_study,0.25550,0.30022,0.27786
45.491,normal_study,0.25470,0.29910,0.27690
45.525,normal_study,0.26294,0.29657,0.27976
45.561,normal_study,0.25455,0.29349,0.27402
45.597,normal_study,0.26356,0.28972,0.27664
45.632,normal_study,0.26049,0.29696,0.27872
45.667,normal_study,0.27006,0.30020,0.28513
45.702,normal_study,0.26287,0.30987,0.28637
45.759,normal_study,0.26172,0.30205,0.28188
45.809,normal_study,0.26875,0.29422,0.28149
45.844,normal_study,0.26863,0.30155,0.28509
45.879,normal_study,0.26868,0.30639,0.28754
45.915,normal_study,0.26765,0.30183,0.28474
45.950,normal_study,0.27683,0.30573,0.29128
45.986,normal_study,0.28279,0.32262,0.30271
46.020,normal_study,0.27980,0.30623,0.29301
46.056,normal_study,0.28066,0.30611,0.29339
46.092,normal_study,0.28543,0.31062,0.29802
46.128,normal_study,0.27899,0.30731,0.29315
46.163,normal_study,0.27352,0.30517,0.28934
46.198,normal_study,0.26900,0.29477,0.28189
46.234,normal_study,0.26374,0.29546,0.27960
46.268,normal_study,0.26155,0.29413,0.27784
46.304,normal_study,0.26796,0.28183,0.27489
46.339,normal_study,0.27111,0.30811,0.28961
46.374,normal_study,0.26587,0.29585,0.28086
46.410,normal_study,0.26225,0.30253,0.28239
46.445,normal_study,0.26205,0.29744,0.27975
46.480,normal_study,0.25702,0.29269,0.27485
46.515,normal_study,0.24783,0.28457,0.26620
46.550,normal_study,0.18734,0.22030,0.20382
46.586,normal_study,0.06217,0.11938,0.09078
46.622,normal_study,0.07829,0.15696,0.11763
46.657,normal_study,0.15085,0.19711,0.17398
46.693,normal_study,0.21215,0.25183,0.23199
46.728,normal_study,0.22616,0.26630,0.24623
46.762,normal_study,0.23466,0.26648,0.25057
46.798,normal_study,0.24619,0.26826,0.25722
46.834,normal_study,0.24716,0.26509,0.25613
46.869,normal_study,0.25130,0.26942,0.26036
46.904,normal_study,0.25003,0.27531,0.26267
46.939,normal_study,0.25423,0.27815,0.26619
46.975,normal_study,0.25729,0.28225,0.26977
47.010,normal_study,0.25948,0.26504,0.26226
47.045,normal_study,0.27364,0.28491,0.27927
47.081,normal_study,0.26892,0.29634,0.28263
47.116,normal_study,0.26034,0.30194,0.28114
47.152,normal_study,0.26698,0.28730,0.27714
47.187,normal_study,0.25359,0.28572,0.26966
47.223,normal_study,0.25850,0.29496,0.27673
47.261,normal_study,0.25797,0.28176,0.26987
47.294,normal_study,0.26262,0.28211,0.27236
47.329,normal_study,0.26341,0.27605,0.26973
47.365,normal_study,0.27351,0.29065,0.28208
47.399,normal_study,0.26253,0.28795,0.27524
47.435,normal_study,0.25877,0.28606,0.27242
47.470,normal_study,0.26230,0.28487,0.27359
47.505,normal_study,0.25737,0.28949,0.27343
47.541,normal_study,0.26021,0.29371,0.27696
47.575,normal_study,0.26204,0.28425,0.27315
47.611,normal_study,0.26012,0.27573,0.26793
47.647,normal_study,0.26557,0.28300,0.27428
47.681,normal_study,0.26914,0.28382,0.27648
47.717,normal_study,0.27082,0.28653,0.27868
47.752,normal_study,0.26524,0.28725,0.27625
47.789,normal_study,0.26441,0.28540,0.27491
47.824,normal_study,0.25872,0.28353,0.27112
47.859,normal_study,0.24525,0.28123,0.26324
47.893,normal_study,0.25622,0.29050,0.27336
47.930,normal_study,0.25712,0.29751,0.27731
47.966,normal_study,0.26193,0.29428,0.27810
48.032,normal_study,0.26668,0.29737,0.28202
48.072,normal_study,0.26741,0.29484,0.28113
48.106,normal_study,0.26329,0.29334,0.27832
48.143,normal_study,0.25537,0.28652,0.27095
48.178,normal_study,0.18333,0.23275,0.20804
48.216,normal_study,0.01407,0.11964,0.06685
48.247,normal_study,0.02220,0.09778,0.05999
48.283,normal_study,0.02826,0.11731,0.07278
48.318,normal_study,0.06118,0.18915,0.12517
48.353,normal_study,0.12656,0.20540,0.16598
48.389,normal_study,0.17217,0.23804,0.20511
48.424,normal_study,0.20183,0.24891,0.22537
48.460,normal_study,0.20815,0.24287,0.22551
48.495,normal_study,0.20954,0.24401,0.22677
48.531,normal_study,0.21348,0.24465,0.22907
48.565,normal_study,0.20719,0.24505,0.22612
48.601,normal_study,0.20837,0.24479,0.22658
48.636,normal_study,0.20205,0.25284,0.22745
48.672,normal_study,0.21831,0.24049,0.22940
48.707,normal_study,0.20312,0.23895,0.22104
48.742,normal_study,0.20976,0.24120,0.22548
48.779,normal_study,0.20812,0.23531,0.22171
48.813,normal_study,0.19108,0.22518,0.20813
48.849,normal_study,0.20119,0.24060,0.22089
48.884,normal_study,0.20137,0.22660,0.21399
48.919,normal_study,0.20236,0.23592,0.21914
48.955,normal_study,0.20238,0.23853,0.22045
48.990,normal_study,0.20587,0.23927,0.22257
49.025,normal_study,0.21267,0.22431,0.21849
49.060,normal_study,0.21094,0.23110,0.22102
49.095,normal_study,0.20220,0.22132,0.21176
49.131,normal_study,0.20889,0.24018,0.22454
49.166,normal_study,0.20727,0.24598,0.22663
49.202,normal_study,0.20711,0.23953,0.22332
49.237,normal_study,0.21621,0.20759,0.21190
49.274,normal_study,0.16838,0.22364,0.19601
49.308,normal_study,0.19255,0.23527,0.21391
49.343,normal_study,0.20102,0.24133,0.22117
49.379,normal_study,0.21101,0.23429,0.22265
49.414,normal_study,0.20657,0.22890,0.21773
49.449,normal_study,0.20143,0.23152,0.21647
49.486,normal_study,0.21023,0.23853,0.22438
49.520,normal_study,0.20747,0.24365,0.22556
49.556,normal_study,0.16960,0.23540,0.20250
49.591,normal_study,0.20600,0.23455,0.22027
49.626,normal_study,0.21023,0.23467,0.22245
49.661,normal_study,0.21962,0.24221,0.23091
49.697,normal_study,0.21926,0.23959,0.22942
49.732,normal_study,0.20952,0.24871,0.22911
49.767,normal_study,0.21962,0.24031,0.22997
49.803,normal_study,0.22020,0.23132,0.22576
49.838,normal_study,0.21535,0.23661,0.22598
49.874,normal_study,0.21833,0.23772,0.22802
49.908,normal_study,0.22301,0.23942,0.23121
49.944,normal_study,0.21502,0.23363,0.22432
49.979,normal_study,0.21036,0.23549,0.22292
50.015,normal_study,0.20324,0.23672,0.21998
50.049,normal_study,0.20739,0.24302,0.22521
50.085,normal_study,0.20044,0.24277,0.22161
50.121,normal_study,0.20250,0.23656,0.21953
50.157,normal_study,0.20385,0.23972,0.22179
50.191,normal_study,0.20860,0.23494,0.22177
50.227,normal_study,0.20052,0.23903,0.21978
50.263,normal_study,0.20444,0.23869,0.22156
50.299,normal_study,0.19783,0.24103,0.21943
50.333,normal_study,0.20540,0.24236,0.22388
50.368,normal_study,0.20642,0.24220,0.22431
50.404,normal_study,0.20766,0.24009,0.22388
50.439,normal_study,0.20867,0.22230,0.21548
50.474,normal_study,0.20491,0.23310,0.21901
50.509,normal_study,0.20840,0.23220,0.22030
50.545,normal_study,0.20909,0.23492,0.22200
50.581,normal_study,0.21214,0.23204,0.22209
50.615,normal_study,0.21110,0.23323,0.22216
50.651,normal_study,0.20962,0.22359,0.21660
50.686,normal_study,0.20587,0.21899,0.21243
50.722,normal_study,0.21097,0.22177,0.21637
50.757,normal_study,0.17409,0.21158,0.19283
50.792,normal_study,0.15027,0.20698,0.17862
50.827,normal_study,0.16760,0.21137,0.18948
50.862,normal_study,0.17476,0.21289,0.19382
50.898,normal_study,0.14983,0.19786,0.17385
50.933,normal_study,0.15228,0.20516,0.17872
50.968,normal_study,0.15887,0.21552,0.18720
51.004,normal_study,0.14910,0.21980,0.18445
51.039,normal_study,0.14701,0.22658,0.18679
51.075,normal_study,0.14923,0.21000,0.17961
51.110,normal_study,0.13068,0.20252,0.16660
51.146,normal_study,0.12650,0.20688,0.16669
51.181,normal_study,0.13035,0.20673,0.16854
51.216,normal_study,0.12526,0.20315,0.16420
51.251,normal_study,0.12334,0.20800,0.16567
51.286,normal_study,0.12689,0.19761,0.16225
51.322,normal_study,0.13298,0.19883,0.16590
51.358,normal_study,0.19877,0.22277,0.21077
51.395,normal_study,0.24868,0.26469,0.25669
51.429,normal_study,0.25260,0.26299,0.25780
51.467,normal_study,0.23622,0.27254,0.25438
51.502,normal_study,0.24155,0.27366,0.25761
51.538,normal_study,0.24204,0.28992,0.26598
51.575,normal_study,0.22903,0.26359,0.24631
51.614,normal_study,0.22065,0.26446,0.24255
51.689,normal_study,0.22027,0.26308,0.24167
51.758,normal_study,0.21905,0.26641,0.24273
51.824,normal_study,0.22806,0.26739,0.24772
51.889,normal_study,0.23347,0.25965,0.24656
51.923,normal_study,0.23276,0.25944,0.24610
51.958,normal_study,0.23323,0.26038,0.24681
51.997,normal_study,0.22559,0.26496,0.24528
52.031,normal_study,0.23011,0.26275,0.24643
52.066,normal_study,0.23692,0.26328,0.25010
52.101,normal_study,0.23153,0.24693,0.23923
52.136,normal_study,0.21124,0.25353,0.23239
52.172,normal_study,0.22125,0.24862,0.23494
52.206,normal_study,0.22172,0.24709,0.23440
52.241,normal_study,0.22893,0.25116,0.24004
52.278,normal_study,0.22482,0.24859,0.23671
0.049,test_001,screen_study,0.26144,0.19939,0.23042
0.238,test_001,screen_study,0.22452,0.26445,0.24449
0.315,test_001,screen_study,0.22367,0.27551,0.24959
0.356,test_001,screen_study,0.22340,0.23268,0.22804
0.438,test_001,screen_study,0.21227,0.25728,0.23478
0.479,test_001,screen_study,0.21568,0.25199,0.23383
0.518,test_001,screen_study,0.21436,0.25557,0.23497
0.560,test_001,screen_study,0.22604,0.23682,0.23143
0.600,test_001,screen_study,0.24203,0.24292,0.24247
0.640,test_001,screen_study,0.22122,0.26671,0.24396
0.681,test_001,screen_study,0.24994,0.27530,0.26262
0.722,test_001,screen_study,0.24229,0.26366,0.25297
0.762,test_001,screen_study,0.24888,0.25852,0.25370
0.825,test_001,screen_study,0.24814,0.25626,0.25220
0.886,test_001,screen_study,0.22996,0.25752,0.24374
0.926,test_001,screen_study,0.24838,0.26391,0.25614
0.967,test_001,screen_study,0.25811,0.26377,0.26094
1.007,test_001,screen_study,0.25447,0.25916,0.25681
1.048,test_001,screen_study,0.25051,0.26044,0.25547
1.089,test_001,screen_study,0.22887,0.25537,0.24212
1.130,test_001,screen_study,0.24008,0.25479,0.24743
1.171,test_001,screen_study,0.23321,0.25932,0.24627
1.211,test_001,screen_study,0.24501,0.26692,0.25597
1.254,test_001,screen_study,0.23940,0.25815,0.24878
1.293,test_001,screen_study,0.25477,0.26218,0.25848
1.336,test_001,screen_study,0.25107,0.27297,0.26202
1.376,test_001,screen_study,0.25484,0.27097,0.26290
1.415,test_001,screen_study,0.25555,0.27140,0.26348
1.458,test_001,screen_study,0.23787,0.26718,0.25253
1.500,test_001,screen_study,0.23920,0.26466,0.25193
1.539,test_001,screen_study,0.24286,0.27519,0.25903
1.579,test_001,screen_study,0.24282,0.27233,0.25758
1.621,test_001,screen_study,0.24352,0.27527,0.25939
1.661,test_001,screen_study,0.25014,0.28040,0.26527
1.702,test_001,screen_study,0.24540,0.27311,0.25925
1.743,test_001,screen_study,0.24704,0.29315,0.27009
1.784,test_001,screen_study,0.23641,0.28729,0.26185
1.825,test_001,screen_study,0.22835,0.27706,0.25270
1.866,test_001,screen_study,0.24249,0.25556,0.24903
1.906,test_001,screen_study,0.23596,0.25664,0.24630
1.947,test_001,screen_study,0.23232,0.26149,0.24690
1.988,test_001,screen_study,0.23474,0.27627,0.25550
2.029,test_001,screen_study,0.23647,0.27608,0.25627
2.069,test_001,screen_study,0.22946,0.28594,0.25770
2.110,test_001,screen_study,0.18585,0.22709,0.20647
2.151,test_001,screen_study,0.05248,0.08920,0.07084
2.193,test_001,screen_study,0.03510,0.07058,0.05284
2.232,test_001,screen_study,0.04211,0.06122,0.05166
2.275,test_001,screen_study,0.09757,0.10528,0.10142
2.315,test_001,screen_study,0.15913,0.19164,0.17538
2.355,test_001,screen_study,0.16989,0.21672,0.19330
2.395,test_001,screen_study,0.19754,0.23318,0.21536
2.437,test_001,screen_study,0.22302,0.24482,0.23392
2.477,test_001,screen_study,0.21424,0.24747,0.23086
2.519,test_001,screen_study,0.22527,0.24063,0.23295
2.559,test_001,screen_study,0.22749,0.25149,0.23949
2.599,test_001,screen_study,0.22028,0.24727,0.23377
2.640,test_001,screen_study,0.22896,0.24564,0.23730
2.681,test_001,screen_study,0.23856,0.23578,0.23717
2.726,test_001,screen_study,0.23145,0.24098,0.23621
2.763,test_001,screen_study,0.22250,0.24679,0.23465
2.804,test_001,screen_study,0.22363,0.24580,0.23472
2.845,test_001,screen_study,0.22902,0.24766,0.23834
2.886,test_001,screen_study,0.25527,0.26506,0.26016
2.929,test_001,screen_study,0.24899,0.26122,0.25510
2.968,test_001,screen_study,0.24128,0.25253,0.24690
3.009,test_001,screen_study,0.23852,0.24572,0.24212
3.049,test_001,screen_study,0.24107,0.25679,0.24893
3.090,test_001,screen_study,0.22680,0.25805,0.24243
3.137,test_001,screen_study,0.22532,0.26100,0.24316
3.213,test_001,screen_study,0.22323,0.25834,0.24078
3.252,test_001,screen_study,0.21736,0.23261,0.22498
3.293,test_001,screen_study,0.22616,0.23239,0.22928
3.336,test_001,screen_study,0.22400,0.24705,0.23552
3.376,test_001,screen_study,0.20991,0.24623,0.22807
3.417,test_001,screen_study,0.22347,0.26149,0.24248
3.457,test_001,screen_study,0.22881,0.25324,0.24103
3.498,test_001,screen_study,0.25622,0.24475,0.25049
3.539,test_001,screen_study,0.25014,0.26209,0.25611
3.580,test_001,screen_study,0.23636,0.25164,0.24400
3.620,test_001,screen_study,0.22577,0.27199,0.24888
3.662,test_001,screen_study,0.24086,0.26789,0.25438
3.703,test_001,screen_study,0.23515,0.25983,0.24749
3.743,test_001,screen_study,0.23555,0.23978,0.23766
3.783,test_001,screen_study,0.23070,0.23071,0.23071
3.825,test_001,screen_study,0.22702,0.24530,0.23616
3.865,test_001,screen_study,0.24002,0.24651,0.24326
3.906,test_001,screen_study,0.24625,0.26218,0.25422
3.947,test_001,screen_study,0.24414,0.27067,0.25740
3.987,test_001,screen_study,0.25033,0.26035,0.25534
4.028,test_001,screen_study,0.24578,0.25328,0.24953
4.070,test_001,screen_study,0.23464,0.24863,0.24164
4.109,test_001,screen_study,0.22847,0.24417,0.23632
4.150,test_001,screen_study,0.23203,0.23378,0.23291
4.193,test_001,screen_study,0.24648,0.25449,0.25048
4.232,test_001,screen_study,0.23934,0.25556,0.24745
4.275,test_001,screen_study,0.23769,0.25695,0.24732
4.314,test_001,screen_study,0.22726,0.25206,0.23966
4.355,test_001,screen_study,0.23568,0.24723,0.24145
4.396,test_001,screen_study,0.23118,0.25347,0.24233
4.436,test_001,screen_study,0.23934,0.25151,0.24543
4.477,test_001,screen_study,0.23814,0.25562,0.24688
4.559,test_001,screen_study,0.23198,0.25458,0.24328
4.599,test_001,screen_study,0.23852,0.25305,0.24579
4.640,test_001,screen_study,0.24331,0.25408,0.24869
4.681,test_001,screen_study,0.24505,0.24558,0.24531
4.722,test_001,screen_study,0.23441,0.25174,0.24307
4.803,test_001,screen_study,0.23885,0.24260,0.24072
4.844,test_001,screen_study,0.24150,0.23892,0.24021
4.885,test_001,screen_study,0.18093,0.17003,0.17548
4.926,test_001,screen_study,0.01447,0.04870,0.03158
4.966,test_001,screen_study,0.02650,0.07258,0.04954
5.008,test_001,screen_study,0.04221,0.08446,0.06334
5.049,test_001,screen_study,0.13895,0.17915,0.15905
5.139,test_001,screen_study,0.22043,0.21972,0.22007
5.221,test_001,screen_study,0.20587,0.24046,0.22317
5.253,test_001,screen_study,0.21075,0.22445,0.21760
5.295,test_001,screen_study,0.20538,0.23457,0.21997
5.335,test_001,screen_study,0.20666,0.24517,0.22592
5.374,test_001,screen_study,0.21344,0.25128,0.23236
5.415,test_001,screen_study,0.22537,0.24411,0.23474
5.456,test_001,screen_study,0.23442,0.24355,0.23898
5.497,test_001,screen_study,0.25125,0.23727,0.24426
5.538,test_001,screen_study,0.25356,0.22887,0.24121
5.579,test_001,screen_study,0.25362,0.23313,0.24338
5.619,test_001,screen_study,0.24509,0.24543,0.24526
5.660,test_001,screen_study,0.24770,0.24420,0.24595
5.702,test_001,screen_study,0.22154,0.24372,0.23263
5.743,test_001,screen_study,0.22223,0.23424,0.22823
5.783,test_001,screen_study,0.22078,0.24947,0.23512
5.825,test_001,screen_study,0.22709,0.25709,0.24209
5.864,test_001,screen_study,0.23509,0.24966,0.24238
5.905,test_001,screen_study,0.24126,0.25082,0.24604
5.946,test_001,screen_study,0.23429,0.26179,0.24804
5.987,test_001,screen_study,0.24038,0.25633,0.24836
6.028,test_001,screen_study,0.23403,0.25812,0.24607
6.090,test_001,screen_study,0.22268,0.24619,0.23444
6.150,test_001,screen_study,0.22157,0.22686,0.22421
6.190,test_001,screen_study,0.20154,0.23511,0.21832
6.232,test_001,screen_study,0.20632,0.24296,0.22464
6.272,test_001,screen_study,0.21047,0.22523,0.21785
6.312,test_001,screen_study,0.19686,0.21237,0.20461
6.354,test_001,screen_study,0.19359,0.21532,0.20445
6.395,test_001,screen_study,0.19558,0.21418,0.20488
6.436,test_001,screen_study,0.19973,0.21954,0.20963
6.477,test_001,screen_study,0.20760,0.20513,0.20637
6.519,test_001,screen_study,0.20284,0.22453,0.21369
6.559,test_001,screen_study,0.20162,0.22051,0.21107
6.600,test_001,screen_study,0.20418,0.21533,0.20976
6.641,test_001,screen_study,0.20415,0.22250,0.21333
6.681,test_001,screen_study,0.20611,0.22410,0.21511
6.722,test_001,screen_study,0.19726,0.22374,0.21050
6.763,test_001,screen_study,0.19350,0.21979,0.20665
6.804,test_001,screen_study,0.20152,0.22076,0.21114
6.844,test_001,screen_study,0.20440,0.23232,0.21836
6.885,test_001,screen_study,0.19360,0.23002,0.21181
6.925,test_001,screen_study,0.21023,0.23049,0.22036
6.967,test_001,screen_study,0.20311,0.22621,0.21466
7.007,test_001,screen_study,0.20372,0.23535,0.21954
7.048,test_001,screen_study,0.20762,0.23885,0.22323
7.089,test_001,screen_study,0.20125,0.22947,0.21536
7.129,test_001,screen_study,0.21202,0.23197,0.22200
7.170,test_001,screen_study,0.21201,0.24841,0.23021
7.211,test_001,screen_study,0.23097,0.24043,0.23570
7.252,test_001,screen_study,0.22607,0.25209,0.23908
7.293,test_001,screen_study,0.21863,0.26000,0.23931
7.334,test_001,screen_study,0.22171,0.25178,0.23675
7.375,test_001,screen_study,0.21562,0.25547,0.23555
7.415,test_001,screen_study,0.21430,0.24944,0.23187
7.456,test_001,screen_study,0.21719,0.25186,0.23452
7.497,test_001,screen_study,0.21841,0.24870,0.23355
7.537,test_001,screen_study,0.22324,0.25050,0.23687
7.571,test_001,screen_study,0.20529,0.25319,0.22924
7.604,test_001,screen_study,0.20668,0.22936,0.21802
7.638,test_001,screen_study,0.20706,0.22462,0.21584
7.672,test_001,screen_study,0.21159,0.21778,0.21468
7.704,test_001,screen_study,0.21508,0.21892,0.21700
7.738,test_001,screen_study,0.21725,0.22876,0.22301
7.770,test_001,screen_study,0.20992,0.22179,0.21586
7.805,test_001,screen_study,0.21184,0.22622,0.21903
7.838,test_001,screen_study,0.20988,0.23156,0.22072
7.872,test_001,screen_study,0.20609,0.24003,0.22306
7.905,test_001,screen_study,0.22368,0.22809,0.22588
7.938,test_001,screen_study,0.21520,0.22694,0.22107
7.971,test_001,screen_study,0.21530,0.22430,0.21980
8.004,test_001,screen_study,0.22213,0.22317,0.22265
8.037,test_001,screen_study,0.22354,0.21999,0.22176
8.070,test_001,screen_study,0.21261,0.21758,0.21509
8.104,test_001,screen_study,0.21520,0.21869,0.21695
8.137,test_001,screen_study,0.21887,0.22657,0.22272
8.172,test_001,screen_study,0.21681,0.23687,0.22684
8.204,test_001,screen_study,0.20593,0.23230,0.21912
8.238,test_001,screen_study,0.20794,0.24018,0.22406
8.271,test_001,screen_study,0.22629,0.21791,0.22210
8.305,test_001,screen_study,0.21007,0.22242,0.21625
8.338,test_001,screen_study,0.20665,0.22339,0.21502
8.371,test_001,screen_study,0.20498,0.21299,0.20898
8.404,test_001,screen_study,0.19801,0.21843,0.20822
8.438,test_001,screen_study,0.19450,0.21001,0.20225
8.471,test_001,screen_study,0.19760,0.21269,0.20514
8.505,test_001,screen_study,0.20634,0.20980,0.20807
8.538,test_001,screen_study,0.20610,0.21098,0.20854
8.571,test_001,screen_study,0.21262,0.23441,0.22352
8.605,test_001,screen_study,0.24417,0.24761,0.24589
8.638,test_001,screen_study,0.24380,0.25108,0.24744
8.672,test_001,screen_study,0.24940,0.27167,0.26054
8.705,test_001,screen_study,0.24810,0.26720,0.25765
8.738,test_001,screen_study,0.23870,0.25899,0.24885
8.771,test_001,screen_study,0.24285,0.25608,0.24947
8.804,test_001,screen_study,0.24639,0.25635,0.25137
8.838,test_001,screen_study,0.24690,0.25801,0.25246
8.872,test_001,screen_study,0.24854,0.25472,0.25163
8.904,test_001,screen_study,0.24649,0.25542,0.25096
8.938,test_001,screen_study,0.24841,0.25370,0.25105
8.972,test_001,screen_study,0.25175,0.25768,0.25472
9.005,test_001,screen_study,0.25850,0.25787,0.25819
9.038,test_001,screen_study,0.26072,0.26145,0.26109
9.072,test_001,screen_study,0.25689,0.26035,0.25862
9.105,test_001,screen_study,0.24866,0.26310,0.25588
9.138,test_001,screen_study,0.25598,0.26004,0.25801
9.172,test_001,screen_study,0.23641,0.26286,0.24964
9.205,test_001,screen_study,0.24665,0.26573,0.25619
9.238,test_001,screen_study,0.25241,0.26754,0.25997
9.272,test_001,screen_study,0.25162,0.26856,0.26009
9.305,test_001,screen_study,0.23808,0.26343,0.25075
9.340,test_001,screen_study,0.23095,0.25299,0.24197
9.371,test_001,screen_study,0.23403,0.27306,0.25354
9.406,test_001,screen_study,0.24100,0.28290,0.26195
9.438,test_001,screen_study,0.25390,0.28155,0.26773
9.471,test_001,screen_study,0.25830,0.28205,0.27017
9.505,test_001,screen_study,0.24422,0.28148,0.26285
9.539,test_001,screen_study,0.26114,0.27497,0.26805
9.572,test_001,screen_study,0.23953,0.27749,0.25851
9.605,test_001,screen_study,0.25072,0.27984,0.26528
9.639,test_001,screen_study,0.23685,0.27371,0.25528
9.671,test_001,screen_study,0.23311,0.28769,0.26040
9.705,test_001,screen_study,0.23757,0.29670,0.26713
9.739,test_001,screen_study,0.23683,0.28938,0.26310
9.772,test_001,screen_study,0.24593,0.28619,0.26606
9.805,test_001,screen_study,0.24069,0.28627,0.26348
9.839,test_001,screen_study,0.23362,0.28274,0.25818
9.872,test_001,screen_study,0.25730,0.27734,0.26732
9.905,test_001,screen_study,0.26240,0.28649,0.27445
9.938,test_001,screen_study,0.25848,0.29464,0.27656
9.971,test_001,screen_study,0.26219,0.29271,0.27745
10.005,test_001,screen_study,0.25908,0.28669,0.27289
10.038,test_001,screen_study,0.25203,0.28981,0.27092
10.072,test_001,screen_study,0.23272,0.29012,0.26142
10.105,test_001,screen_study,0.22871,0.29210,0.26040
10.138,test_001,screen_study,0.22944,0.29801,0.26372
10.171,test_001,screen_study,0.23963,0.28313,0.26138
10.206,test_001,screen_study,0.25753,0.27275,0.26514
10.238,test_001,screen_study,0.26244,0.26726,0.26485
10.274,test_001,screen_study,0.26260,0.26482,0.26371
10.305,test_001,screen_study,0.25372,0.26711,0.26041
10.340,test_001,screen_study,0.27034,0.26899,0.26966
10.373,test_001,screen_study,0.27263,0.27177,0.27220
10.406,test_001,screen_study,0.27281,0.27013,0.27147
10.439,test_001,screen_study,0.27840,0.27419,0.27629
10.472,test_001,screen_study,0.27413,0.27143,0.27278
10.506,test_001,screen_study,0.27383,0.26898,0.27140
10.539,test_001,screen_study,0.27388,0.27090,0.27239
10.573,test_001,screen_study,0.27553,0.27507,0.27530
10.605,test_001,screen_study,0.25674,0.26694,0.26184
10.639,test_001,screen_study,0.26163,0.25757,0.25960
10.673,test_001,screen_study,0.24490,0.25332,0.24911
10.706,test_001,screen_study,0.24114,0.25373,0.24743
10.739,test_001,screen_study,0.24930,0.26298,0.25614
10.773,test_001,screen_study,0.24091,0.26335,0.25213
10.805,test_001,screen_study,0.25006,0.27518,0.26262
10.839,test_001,screen_study,0.25666,0.27528,0.26597
10.873,test_001,screen_study,0.25439,0.26493,0.25966
10.906,test_001,screen_study,0.18983,0.17295,0.18139
10.939,test_001,screen_study,0.02469,0.08302,0.05385
10.972,test_001,screen_study,0.01705,0.02953,0.02329
11.006,test_001,screen_study,0.02368,0.08774,0.05571
11.039,test_001,screen_study,0.01953,0.08868,0.05410
11.072,test_001,screen_study,0.06039,0.17626,0.11833
11.106,test_001,screen_study,0.17944,0.20828,0.19386
11.140,test_001,screen_study,0.19663,0.20756,0.20210
11.173,test_001,screen_study,0.19623,0.21560,0.20592
11.207,test_001,screen_study,0.21368,0.23390,0.22379
11.240,test_001,screen_study,0.21526,0.23815,0.22671
11.275,test_001,screen_study,0.21374,0.24714,0.23044
11.307,test_001,screen_study,0.21762,0.24019,0.22890
11.340,test_001,screen_study,0.21843,0.24724,0.23283
11.374,test_001,screen_study,0.22368,0.24714,0.23541
11.407,test_001,screen_study,0.22846,0.24758,0.23802
11.439,test_001,screen_study,0.22384,0.24319,0.23352
11.474,test_001,screen_study,0.24039,0.24867,0.24453
11.507,test_001,screen_study,0.23588,0.25482,0.24535
11.541,test_001,screen_study,0.24027,0.25618,0.24823
11.574,test_001,screen_study,0.25425,0.25760,0.25592
11.608,test_001,screen_study,0.25128,0.25226,0.25177
11.641,test_001,screen_study,0.25107,0.25367,0.25237
11.674,test_001,screen_study,0.25186,0.25935,0.25561
11.707,test_001,screen_study,0.24420,0.26209,0.25315
11.739,test_001,screen_study,0.24727,0.26090,0.25408
11.773,test_001,screen_study,0.24848,0.26278,0.25563
11.806,test_001,screen_study,0.24937,0.27059,0.25998
11.840,test_001,screen_study,0.25377,0.26372,0.25875
11.873,test_001,screen_study,0.25652,0.26458,0.26055
11.906,test_001,screen_study,0.25901,0.26745,0.26323
11.939,test_001,screen_study,0.25643,0.26925,0.26284
11.973,test_001,screen_study,0.25619,0.26787,0.26203
12.006,test_001,screen_study,0.25181,0.27062,0.26122
12.040,test_001,screen_study,0.25392,0.27050,0.26221
12.073,test_001,screen_study,0.26080,0.27002,0.26541
12.107,test_001,screen_study,0.24981,0.26913,0.25947
12.140,test_001,screen_study,0.24642,0.26880,0.25761
12.174,test_001,screen_study,0.24324,0.26735,0.25529
12.206,test_001,screen_study,0.23480,0.26345,0.24913
12.240,test_001,screen_study,0.23808,0.25182,0.24495
12.276,test_001,screen_study,0.19782,0.22834,0.21308
12.306,test_001,screen_study,0.09359,0.11232,0.10295
12.340,test_001,screen_study,0.04856,0.09793,0.07325
12.373,test_001,screen_study,0.03761,0.08684,0.06223
12.406,test_001,screen_study,0.03739,0.11537,0.07638
12.441,test_001,screen_study,0.10011,0.19365,0.14688
12.473,test_001,screen_study,0.17507,0.22189,0.19848
12.506,test_001,screen_study,0.20176,0.22131,0.21153
12.540,test_001,screen_study,0.20629,0.23061,0.21845
12.573,test_001,screen_study,0.21948,0.22161,0.22055
12.607,test_001,screen_study,0.21664,0.22700,0.22182
12.641,test_001,screen_study,0.21696,0.23253,0.22475
12.673,test_001,screen_study,0.21470,0.23702,0.22586
12.707,test_001,screen_study,0.22984,0.22419,0.22701
12.740,test_001,screen_study,0.23165,0.22964,0.23065
12.774,test_001,screen_study,0.24682,0.24216,0.24449
12.807,test_001,screen_study,0.24468,0.24264,0.24366
12.840,test_001,screen_study,0.25226,0.25441,0.25333
12.873,test_001,screen_study,0.25843,0.25502,0.25673
12.907,test_001,screen_study,0.25179,0.25707,0.25443
12.940,test_001,screen_study,0.25568,0.26697,0.26132
12.974,test_001,screen_study,0.23995,0.25839,0.24917
13.008,test_001,screen_study,0.24672,0.25868,0.25270
13.040,test_001,screen_study,0.23989,0.26561,0.25275
13.074,test_001,screen_study,0.23994,0.27034,0.25514
13.107,test_001,screen_study,0.24142,0.26935,0.25539
13.140,test_001,screen_study,0.23564,0.26356,0.24960
13.174,test_001,screen_study,0.22316,0.27811,0.25064
13.206,test_001,screen_study,0.23035,0.27143,0.25089
13.240,test_001,screen_study,0.23557,0.26019,0.24788
13.274,test_001,screen_study,0.24323,0.25742,0.25033
13.307,test_001,screen_study,0.25032,0.25977,0.25505
13.340,test_001,screen_study,0.25340,0.25929,0.25635
13.374,test_001,screen_study,0.15993,0.19851,0.17922
13.408,test_001,screen_study,0.01618,0.12980,0.07299
13.441,test_001,screen_study,0.02043,0.11100,0.06572
13.474,test_001,screen_study,0.01875,0.08894,0.05384
13.507,test_001,screen_study,0.02491,0.07091,0.04791
13.540,test_001,screen_study,0.06126,0.10413,0.08269
13.575,test_001,screen_study,0.09421,0.15165,0.12293
13.607,test_001,screen_study,0.14649,0.18248,0.16449
13.640,test_001,screen_study,0.17248,0.19451,0.18349
13.674,test_001,screen_study,0.19974,0.22259,0.21116
13.707,test_001,screen_study,0.21129,0.23016,0.22072
13.740,test_001,screen_study,0.22514,0.25091,0.23802
13.774,test_001,screen_study,0.22263,0.25065,0.23664
13.807,test_001,screen_study,0.20833,0.24446,0.22640
13.840,test_001,screen_study,0.20837,0.24786,0.22811
13.874,test_001,screen_study,0.20289,0.24067,0.22178
13.907,test_001,screen_study,0.21783,0.25280,0.23531
13.941,test_001,screen_study,0.21280,0.23399,0.22340
13.974,test_001,screen_study,0.20695,0.23308,0.22002
14.007,test_001,screen_study,0.20801,0.24336,0.22569
14.041,test_001,screen_study,0.21174,0.24762,0.22968
14.074,test_001,screen_study,0.21701,0.25922,0.23811
14.108,test_001,screen_study,0.22034,0.25474,0.23754
14.141,test_001,screen_study,0.22460,0.25978,0.24219
14.174,test_001,screen_study,0.24684,0.25942,0.25313
14.208,test_001,screen_study,0.24106,0.25169,0.24637
14.240,test_001,screen_study,0.24052,0.26299,0.25176
14.274,test_001,screen_study,0.23867,0.25905,0.24886
14.308,test_001,screen_study,0.23532,0.26511,0.25021
14.341,test_001,screen_study,0.22843,0.26200,0.24522
14.374,test_001,screen_study,0.23880,0.26050,0.24965
14.407,test_001,screen_study,0.24116,0.27059,0.25587
14.442,test_001,screen_study,0.23660,0.28608,0.26134
14.475,test_001,screen_study,0.24348,0.26648,0.25498
14.508,test_001,screen_study,0.23780,0.26435,0.25108
14.541,test_001,screen_study,0.22907,0.26360,0.24633
14.574,test_001,screen_study,0.23017,0.25587,0.24302
14.608,test_001,screen_study,0.23756,0.26128,0.24942
14.641,test_001,screen_study,0.24719,0.26148,0.25434
14.675,test_001,screen_study,0.24998,0.25795,0.25396
14.708,test_001,screen_study,0.24218,0.26199,0.25208
14.741,test_001,screen_study,0.23200,0.26565,0.24882
14.774,test_001,screen_study,0.15364,0.21687,0.18526
14.807,test_001,screen_study,0.01806,0.10404,0.06105
14.841,test_001,screen_study,0.02133,0.09146,0.05639
14.874,test_001,screen_study,0.02207,0.09236,0.05722
14.908,test_001,screen_study,0.03823,0.10557,0.07190
14.942,test_001,screen_study,0.12166,0.17547,0.14856
14.975,test_001,screen_study,0.15311,0.20658,0.17984
15.008,test_001,screen_study,0.17084,0.20633,0.18859
15.041,test_001,screen_study,0.18241,0.20706,0.19474
15.075,test_001,screen_study,0.19236,0.22251,0.20743
15.108,test_001,screen_study,0.19860,0.23988,0.21924
15.142,test_001,screen_study,0.20754,0.24690,0.22722
15.175,test_001,screen_study,0.20638,0.24441,0.22540
15.208,test_001,screen_study,0.20759,0.25274,0.23016
15.242,test_001,screen_study,0.20915,0.24272,0.22594
15.274,test_001,screen_study,0.20968,0.24527,0.22747
15.308,test_001,screen_study,0.20846,0.25125,0.22985
15.341,test_001,screen_study,0.20717,0.25391,0.23054
15.375,test_001,screen_study,0.20340,0.24831,0.22586
15.409,test_001,screen_study,0.20288,0.24769,0.22528
15.441,test_001,screen_study,0.19740,0.23748,0.21744
15.474,test_001,screen_study,0.20446,0.24670,0.22558
15.509,test_001,screen_study,0.20867,0.24300,0.22584
15.541,test_001,screen_study,0.20802,0.24390,0.22596
15.575,test_001,screen_study,0.21136,0.24214,0.22675
15.609,test_001,screen_study,0.21164,0.25069,0.23116
15.641,test_001,screen_study,0.20905,0.24144,0.22524
15.676,test_001,screen_study,0.20790,0.25358,0.23074
15.708,test_001,screen_study,0.21069,0.24435,0.22752
15.742,test_001,screen_study,0.20171,0.24250,0.22210
15.776,test_001,screen_study,0.20859,0.24167,0.22513
15.808,test_001,screen_study,0.21037,0.28206,0.24621
15.842,test_001,screen_study,0.23841,0.27396,0.25618
15.875,test_001,screen_study,0.22381,0.24018,0.23199
15.908,test_001,screen_study,0.21468,0.21730,0.21599
15.941,test_001,screen_study,0.22639,0.21883,0.22261
15.976,test_001,screen_study,0.18510,0.22359,0.20435
16.008,test_001,screen_study,0.21021,0.23530,0.22275
16.042,test_001,screen_study,0.20262,0.24534,0.22398
16.074,test_001,screen_study,0.22102,0.22576,0.22339
16.109,test_001,screen_study,0.22788,0.23143,0.22966
16.142,test_001,screen_study,0.23118,0.24096,0.23607
16.176,test_001,screen_study,0.20898,0.22894,0.21896
16.209,test_001,screen_study,0.20307,0.22704,0.21505
16.242,test_001,screen_study,0.20161,0.25067,0.22614
16.275,test_001,screen_study,0.19906,0.24813,0.22360
16.309,test_001,screen_study,0.20817,0.24173,0.22495
16.342,test_001,screen_study,0.21319,0.25019,0.23169
16.375,test_001,screen_study,0.21659,0.25666,0.23662
16.408,test_001,screen_study,0.21499,0.25251,0.23375
16.443,test_001,screen_study,0.22149,0.25144,0.23647
16.475,test_001,screen_study,0.21589,0.25589,0.23589
16.509,test_001,screen_study,0.22962,0.25097,0.24029
16.542,test_001,screen_study,0.22630,0.25514,0.24072
16.576,test_001,screen_study,0.22607,0.24119,0.23363
16.609,test_001,screen_study,0.22716,0.25352,0.24034
16.642,test_001,screen_study,0.22003,0.25869,0.23936
16.676,test_001,screen_study,0.22009,0.23763,0.22886
16.709,test_001,screen_study,0.20318,0.24680,0.22499
16.742,test_001,screen_study,0.22258,0.24973,0.23615
16.775,test_001,screen_study,0.21667,0.24517,0.23092
16.809,test_001,screen_study,0.21669,0.25256,0.23463
16.842,test_001,screen_study,0.21649,0.25786,0.23718
16.875,test_001,screen_study,0.20776,0.25860,0.23318
16.909,test_001,screen_study,0.22683,0.23690,0.23187
16.941,test_001,screen_study,0.20637,0.25554,0.23096
16.976,test_001,screen_study,0.21265,0.29198,0.25232
17.009,test_001,screen_study,0.21175,0.27655,0.24415
17.042,test_001,screen_study,0.21637,0.26837,0.24237
17.076,test_001,screen_study,0.22032,0.27291,0.24662
17.109,test_001,screen_study,0.21635,0.24623,0.23129
17.142,test_001,screen_study,0.21620,0.26949,0.24285
17.175,test_001,screen_study,0.22528,0.27477,0.25002
17.209,test_001,screen_study,0.23115,0.25270,0.24193
17.243,test_001,screen_study,0.23953,0.26625,0.25289
17.276,test_001,screen_study,0.22681,0.23730,0.23206
17.310,test_001,screen_study,0.24258,0.25477,0.24867
17.343,test_001,screen_study,0.22758,0.27156,0.24957
17.376,test_001,screen_study,0.22385,0.24366,0.23375
17.409,test_001,screen_study,0.21705,0.25684,0.23695
17.443,test_001,screen_study,0.23572,0.27104,0.25338
17.476,test_001,screen_study,0.21290,0.25623,0.23456
17.509,test_001,screen_study,0.21816,0.26464,0.24140
17.543,test_001,screen_study,0.22644,0.25339,0.23992
17.576,test_001,screen_study,0.20146,0.22805,0.21475
17.610,test_001,screen_study,0.20520,0.26080,0.23300
17.643,test_001,screen_study,0.21177,0.24776,0.22977
17.676,test_001,screen_study,0.21359,0.26650,0.24004
17.709,test_001,screen_study,0.21565,0.26286,0.23925
17.743,test_001,screen_study,0.20816,0.27103,0.23960
17.776,test_001,screen_study,0.19879,0.20397,0.20138
17.810,test_001,screen_study,0.22446,0.24953,0.23700
17.843,test_001,screen_study,0.22038,0.24661,0.23350
17.876,test_001,screen_study,0.21815,0.24800,0.23307
17.909,test_001,screen_study,0.22874,0.22879,0.22877
17.943,test_001,screen_study,0.20096,0.23958,0.22027
17.976,test_001,screen_study,0.21053,0.24762,0.22907
18.010,test_001,screen_study,0.23524,0.18983,0.21254
18.043,test_001,screen_study,0.21095,0.20673,0.20884
18.077,test_001,screen_study,0.19984,0.21521,0.20752
18.109,test_001,screen_study,0.20555,0.24433,0.22494
18.142,test_001,screen_study,0.21540,0.23667,0.22603
18.175,test_001,screen_study,0.22148,0.24486,0.23317
18.210,test_001,screen_study,0.20565,0.23472,0.22019
18.244,test_001,screen_study,0.21052,0.24646,0.22849
18.277,test_001,screen_study,0.21327,0.23963,0.22645
18.314,test_001,screen_study,0.22762,0.26958,0.24860
18.344,test_001,screen_study,0.20140,0.26354,0.23247
18.376,test_001,screen_study,0.20577,0.25023,0.22800
18.409,test_001,screen_study,0.20598,0.25678,0.23138
18.443,test_001,screen_study,0.21902,0.26989,0.24446
18.478,test_001,screen_study,0.21050,0.25774,0.23412
18.510,test_001,screen_study,0.20580,0.24841,0.22711
18.545,test_001,screen_study,0.19097,0.23678,0.21388
18.577,test_001,screen_study,0.20731,0.23935,0.22333
18.610,test_001,screen_study,0.20750,0.25442,0.23096
18.644,test_001,screen_study,0.19777,0.25502,0.22640
18.685,test_001,screen_study,0.19781,0.22657,0.21219
18.725,test_001,screen_study,0.23424,0.23870,0.23647
18.765,test_001,screen_study,0.24015,0.24637,0.24326
18.806,test_001,screen_study,0.23211,0.26210,0.24710
18.846,test_001,screen_study,0.21407,0.24671,0.23039
18.889,test_001,screen_study,0.21503,0.25342,0.23423
18.929,test_001,screen_study,0.20495,0.24669,0.22582
18.970,test_001,screen_study,0.20720,0.24826,0.22773
19.011,test_001,screen_study,0.20469,0.24509,0.22489
19.052,test_001,screen_study,0.20877,0.23798,0.22337
19.092,test_001,screen_study,0.20412,0.26040,0.23226
19.132,test_001,screen_study,0.21629,0.24558,0.23093
19.174,test_001,screen_study,0.22167,0.24061,0.23114
19.214,test_001,screen_study,0.22612,0.24716,0.23664
19.255,test_001,screen_study,0.23007,0.26046,0.24526
19.296,test_001,screen_study,0.20340,0.24329,0.22335
19.340,test_001,screen_study,0.19258,0.23410,0.21334
19.381,test_001,screen_study,0.22776,0.23878,0.23327
19.419,test_001,screen_study,0.22024,0.24746,0.23385
19.460,test_001,screen_study,0.21377,0.23523,0.22450
19.501,test_001,screen_study,0.21913,0.24269,0.23091
19.542,test_001,screen_study,0.22257,0.24625,0.23441
19.582,test_001,screen_study,0.23201,0.24716,0.23959
19.623,test_001,screen_study,0.22213,0.23466,0.22839
19.664,test_001,screen_study,0.22036,0.23568,0.22802
19.704,test_001,screen_study,0.21312,0.22969,0.22141
19.746,test_001,screen_study,0.22008,0.23810,0.22909
19.786,test_001,screen_study,0.21910,0.24531,0.23220
19.827,test_001,screen_study,0.22052,0.24566,0.23309
19.869,test_001,screen_study,0.22203,0.27276,0.24740
19.909,test_001,screen_study,0.21630,0.27346,0.24488
19.949,test_001,screen_study,0.21910,0.25380,0.23645
19.991,test_001,screen_study,0.22752,0.24710,0.23731
20.031,test_001,screen_study,0.22397,0.25280,0.23838
20.073,test_001,screen_study,0.20963,0.25000,0.22982
20.112,test_001,screen_study,0.21218,0.26122,0.23670
20.153,test_001,screen_study,0.21275,0.25403,0.23339
20.193,test_001,screen_study,0.21112,0.25385,0.23249
20.235,test_001,screen_study,0.21824,0.24668,0.23246
20.277,test_001,screen_study,0.21177,0.24465,0.22821
20.316,test_001,screen_study,0.19779,0.23752,0.21765
20.357,test_001,screen_study,0.20692,0.22970,0.21831
20.397,test_001,screen_study,0.20630,0.22128,0.21379
20.440,test_001,screen_study,0.20593,0.21647,0.21120
20.479,test_001,screen_study,0.20958,0.22003,0.21481
20.521,test_001,screen_study,0.18944,0.21494,0.20219
20.561,test_001,screen_study,0.18190,0.21968,0.20079
20.603,test_001,screen_study,0.18553,0.22443,0.20498
20.643,test_001,screen_study,0.19769,0.22010,0.20889
20.683,test_001,screen_study,0.17367,0.21248,0.19307
20.725,test_001,screen_study,0.17822,0.22477,0.20150
20.765,test_001,screen_study,0.17592,0.22614,0.20103
20.806,test_001,screen_study,0.16153,0.21365,0.18759
20.847,test_001,screen_study,0.18015,0.23731,0.20873
20.888,test_001,screen_study,0.18390,0.22068,0.20229
20.929,test_001,screen_study,0.12463,0.22546,0.17505
20.969,test_001,screen_study,0.12845,0.23029,0.17937
21.010,test_001,screen_study,0.11767,0.22158,0.16963
21.068,test_001,screen_study,0.15011,0.22918,0.18965
21.134,test_001,screen_study,0.20789,0.22635,0.21712
21.175,test_001,screen_study,0.19988,0.23146,0.21567
21.214,test_001,screen_study,0.18191,0.21822,0.20007
21.256,test_001,screen_study,0.19555,0.20512,0.20034
21.296,test_001,screen_study,0.21072,0.22689,0.21880
21.337,test_001,screen_study,0.19709,0.24413,0.22061
21.378,test_001,screen_study,0.19228,0.23408,0.21318
21.418,test_001,screen_study,0.18701,0.24627,0.21664
21.459,test_001,screen_study,0.20409,0.22248,0.21328
21.499,test_001,screen_study,0.20686,0.22027,0.21356
21.542,test_001,screen_study,0.19363,0.24724,0.22043
21.581,test_001,screen_study,0.18484,0.24672,0.21578
21.622,test_001,screen_study,0.19814,0.24538,0.22176
21.663,test_001,screen_study,0.19044,0.23124,0.21084
21.704,test_001,screen_study,0.19469,0.21983,0.20726
21.744,test_001,screen_study,0.19379,0.22538,0.20958
21.785,test_001,screen_study,0.20262,0.22409,0.21335
21.826,test_001,screen_study,0.20588,0.22964,0.21776
21.867,test_001,screen_study,0.18703,0.24529,0.21616
21.907,test_001,screen_study,0.17405,0.23596,0.20500
21.949,test_001,screen_study,0.18125,0.24407,0.21266
21.990,test_001,screen_study,0.17836,0.23392,0.20614
22.030,test_001,screen_study,0.19740,0.20771,0.20255
22.072,test_001,screen_study,0.20035,0.21629,0.20832
22.112,test_001,screen_study,0.17723,0.19651,0.18687
22.153,test_001,screen_study,0.19693,0.19329,0.19511
22.194,test_001,screen_study,0.19366,0.18559,0.18963
22.234,test_001,screen_study,0.20473,0.18715,0.19594
22.275,test_001,screen_study,0.20749,0.20960,0.20855
22.316,test_001,screen_study,0.18232,0.21847,0.20040
22.358,test_001,screen_study,0.18822,0.20061,0.19441
22.397,test_001,screen_study,0.17473,0.20818,0.19146
22.439,test_001,screen_study,0.18896,0.21024,0.19960
22.479,test_001,screen_study,0.19569,0.21149,0.20359
22.521,test_001,screen_study,0.20594,0.23987,0.22290
22.561,test_001,screen_study,0.19697,0.22218,0.20958
22.602,test_001,screen_study,0.19749,0.22772,0.21261
22.643,test_001,screen_study,0.19276,0.22259,0.20768
22.683,test_001,screen_study,0.21511,0.22446,0.21978
22.724,test_001,screen_study,0.20705,0.22949,0.21827
22.764,test_001,screen_study,0.22536,0.23704,0.23120
22.806,test_001,screen_study,0.21203,0.22320,0.21762
22.846,test_001,screen_study,0.19616,0.20061,0.19839
22.887,test_001,screen_study,0.19161,0.21318,0.20239
22.928,test_001,screen_study,0.18805,0.22492,0.20648
22.969,test_001,screen_study,0.18897,0.22125,0.20511
23.009,test_001,screen_study,0.20613,0.22759,0.21686
23.050,test_001,screen_study,0.20872,0.21851,0.21362
23.092,test_001,screen_study,0.21103,0.24455,0.22779
23.132,test_001,screen_study,0.21007,0.23101,0.22054
23.174,test_001,screen_study,0.19243,0.23249,0.21246
23.214,test_001,screen_study,0.20196,0.24109,0.22153
23.255,test_001,screen_study,0.20055,0.22509,0.21282
23.295,test_001,screen_study,0.20690,0.22794,0.21742
23.336,test_001,screen_study,0.20928,0.22031,0.21479
23.377,test_001,screen_study,0.19987,0.22158,0.21073
23.419,test_001,screen_study,0.20499,0.23075,0.21787
23.459,test_001,screen_study,0.20520,0.23253,0.21887
23.499,test_001,screen_study,0.21788,0.23137,0.22463
23.540,test_001,screen_study,0.21268,0.22717,0.21993
23.582,test_001,screen_study,0.20978,0.21709,0.21343
23.622,test_001,screen_study,0.22507,0.21179,0.21843
23.663,test_001,screen_study,0.21522,0.21896,0.21709
23.704,test_001,screen_study,0.21745,0.22505,0.22125
23.744,test_001,screen_study,0.19686,0.22224,0.20955
23.785,test_001,screen_study,0.20613,0.21234,0.20923
23.826,test_001,screen_study,0.20465,0.22012,0.21238
23.867,test_001,screen_study,0.21581,0.22862,0.22222
23.908,test_001,screen_study,0.22234,0.23252,0.22743
23.948,test_001,screen_study,0.22472,0.23359,0.22915
23.989,test_001,screen_study,0.22281,0.22923,0.22602
24.030,test_001,screen_study,0.22611,0.22815,0.22713
24.070,test_001,screen_study,0.21495,0.23978,0.22736
24.111,test_001,screen_study,0.21678,0.25135,0.23406
24.153,test_001,screen_study,0.22388,0.25566,0.23977
24.194,test_001,screen_study,0.20180,0.22982,0.21581
24.234,test_001,screen_study,0.22007,0.22428,0.22217
24.275,test_001,screen_study,0.22136,0.23761,0.22948
24.315,test_001,screen_study,0.22181,0.23766,0.22973
24.357,test_001,screen_study,0.22421,0.24111,0.23266
24.397,test_001,screen_study,0.22888,0.23545,0.23217
24.439,test_001,screen_study,0.22508,0.22289,0.22398
24.478,test_001,screen_study,0.22644,0.23365,0.23005
24.519,test_001,screen_study,0.22414,0.24021,0.23217
24.560,test_001,screen_study,0.22222,0.23501,0.22861
24.602,test_001,screen_study,0.20811,0.22806,0.21809
24.642,test_001,screen_study,0.22245,0.22911,0.22578
24.683,test_001,screen_study,0.23098,0.22630,0.22864
24.724,test_001,screen_study,0.22734,0.22685,0.22710
24.765,test_001,screen_study,0.20979,0.23816,0.22397
24.805,test_001,screen_study,0.21442,0.23056,0.22249
24.847,test_001,screen_study,0.21761,0.22605,0.22183
24.887,test_001,screen_study,0.20069,0.23670,0.21869
24.928,test_001,screen_study,0.20234,0.21080,0.20657
24.968,test_001,screen_study,0.21331,0.20914,0.21122
25.010,test_001,screen_study,0.21657,0.20580,0.21119
25.050,test_001,screen_study,0.21480,0.20601,0.21041
25.091,test_001,screen_study,0.20582,0.20759,0.20670
25.132,test_001,screen_study,0.21023,0.21092,0.21057
25.172,test_001,screen_study,0.20561,0.21644,0.21102
25.214,test_001,screen_study,0.20842,0.21936,0.21389
25.254,test_001,screen_study,0.20967,0.22243,0.21605
25.295,test_001,screen_study,0.20653,0.22128,0.21391
25.336,test_001,screen_study,0.19749,0.22086,0.20918
25.377,test_001,screen_study,0.19057,0.22458,0.20757
25.417,test_001,screen_study,0.18767,0.22920,0.20843
25.458,test_001,screen_study,0.18434,0.22780,0.20607
25.498,test_001,screen_study,0.18485,0.22899,0.20692
25.541,test_001,screen_study,0.18045,0.22464,0.20255
25.581,test_001,screen_study,0.17219,0.21630,0.19425
25.622,test_001,screen_study,0.19049,0.21634,0.20341
25.662,test_001,screen_study,0.19542,0.21773,0.20657
25.703,test_001,screen_study,0.18574,0.23619,0.21097
25.744,test_001,screen_study,0.16976,0.22488,0.19732
25.784,test_001,screen_study,0.18558,0.19634,0.19096
25.826,test_001,screen_study,0.18011,0.23590,0.20800
25.867,test_001,screen_study,0.19814,0.23311,0.21563
25.908,test_001,screen_study,0.19342,0.21451,0.20396
25.948,test_001,screen_study,0.21355,0.21649,0.21502
25.989,test_001,screen_study,0.18130,0.22185,0.20157
26.030,test_001,screen_study,0.19895,0.20787,0.20341
26.070,test_001,screen_study,0.19861,0.22175,0.21018
26.111,test_001,screen_study,0.19426,0.22985,0.21206
26.151,test_001,screen_study,0.20862,0.22262,0.21562
26.194,test_001,screen_study,0.20537,0.21618,0.21077
26.234,test_001,screen_study,0.21690,0.22778,0.22234
26.276,test_001,screen_study,0.20613,0.22503,0.21558
26.315,test_001,screen_study,0.20916,0.21496,0.21206
26.356,test_001,screen_study,0.21477,0.22437,0.21957
26.397,test_001,screen_study,0.21404,0.24119,0.22761
26.437,test_001,screen_study,0.20725,0.24905,0.22815
26.479,test_001,screen_study,0.20765,0.24942,0.22853
26.519,test_001,screen_study,0.20111,0.23921,0.22016
26.560,test_001,screen_study,0.21091,0.24834,0.22963
26.601,test_001,screen_study,0.21001,0.24202,0.22601
26.642,test_001,screen_study,0.19287,0.21968,0.20627
26.682,test_001,screen_study,0.19474,0.18972,0.19223
26.724,test_001,screen_study,0.19207,0.21218,0.20213
26.764,test_001,screen_study,0.19511,0.21437,0.20474
26.805,test_001,screen_study,0.19669,0.18864,0.19266
26.846,test_001,screen_study,0.20412,0.21254,0.20833
26.886,test_001,screen_study,0.20930,0.19603,0.20266
26.927,test_001,screen_study,0.21977,0.21867,0.21922
26.967,test_001,screen_study,0.21396,0.23368,0.22382
27.008,test_001,screen_study,0.19406,0.22864,0.21135
27.051,test_001,screen_study,0.19363,0.22442,0.20903
27.090,test_001,screen_study,0.19288,0.21312,0.20300
27.131,test_001,screen_study,0.18287,0.21968,0.20128
27.173,test_001,screen_study,0.20859,0.22969,0.21914
27.213,test_001,screen_study,0.21801,0.25113,0.23457
27.254,test_001,screen_study,0.20691,0.24193,0.22442
27.294,test_001,screen_study,0.22027,0.23258,0.22642
27.336,test_001,screen_study,0.22692,0.23341,0.23016
27.376,test_001,screen_study,0.21722,0.24474,0.23098
27.416,test_001,screen_study,0.21317,0.22781,0.22049
27.457,test_001,screen_study,0.19301,0.23669,0.21485
27.499,test_001,screen_study,0.21256,0.22724,0.21990
27.540,test_001,screen_study,0.22164,0.23749,0.22957
27.580,test_001,screen_study,0.20854,0.25660,0.23257
27.622,test_001,screen_study,0.22131,0.25410,0.23771
27.662,test_001,screen_study,0.20853,0.25971,0.23412
27.702,test_001,screen_study,0.21609,0.25565,0.23587
27.744,test_001,screen_study,0.21656,0.24764,0.23210
27.784,test_001,screen_study,0.21063,0.25619,0.23341
27.825,test_001,screen_study,0.21530,0.25788,0.23659
27.866,test_001,screen_study,0.21821,0.26087,0.23954
27.908,test_001,screen_study,0.20914,0.26217,0.23566
27.947,test_001,screen_study,0.20522,0.26086,0.23304
27.989,test_001,screen_study,0.19811,0.23634,0.21723
28.029,test_001,screen_study,0.19510,0.23763,0.21636
28.069,test_001,screen_study,0.21294,0.22274,0.21784
28.111,test_001,screen_study,0.21875,0.22311,0.22093
28.152,test_001,screen_study,0.19700,0.23044,0.21372
28.193,test_001,screen_study,0.20916,0.23741,0.22329
28.233,test_001,screen_study,0.19954,0.21848,0.20901
28.276,test_001,screen_study,0.19181,0.23144,0.21163
28.315,test_001,screen_study,0.19541,0.23975,0.21758
28.357,test_001,screen_study,0.20164,0.20987,0.20575
28.397,test_001,screen_study,0.19308,0.22031,0.20669
28.438,test_001,screen_study,0.19950,0.21311,0.20631
28.479,test_001,screen_study,0.19565,0.21536,0.20551
28.518,test_001,screen_study,0.22401,0.23312,0.22857
28.560,test_001,screen_study,0.20723,0.24358,0.22540
28.600,test_001,screen_study,0.20856,0.24674,0.22765
28.642,test_001,screen_study,0.21844,0.24803,0.23323
28.684,test_001,screen_study,0.22177,0.25651,0.23914
28.723,test_001,screen_study,0.21617,0.23515,0.22566
28.763,test_001,screen_study,0.22117,0.23309,0.22713
28.805,test_001,screen_study,0.21852,0.24030,0.22941
28.845,test_001,screen_study,0.21731,0.23710,0.22721
28.886,test_001,screen_study,0.21897,0.22237,0.22067
28.926,test_001,screen_study,0.20692,0.22006,0.21349
28.967,test_001,screen_study,0.21843,0.21193,0.21518
29.008,test_001,screen_study,0.21739,0.21802,0.21771
29.049,test_001,screen_study,0.21489,0.22210,0.21850
29.090,test_001,screen_study,0.21656,0.22796,0.22226
29.132,test_001,screen_study,0.21681,0.23228,0.22455
29.172,test_001,screen_study,0.20677,0.21912,0.21294
29.212,test_001,screen_study,0.19422,0.21171,0.20296
29.253,test_001,screen_study,0.18862,0.21929,0.20396
29.294,test_001,screen_study,0.19245,0.21739,0.20492
29.335,test_001,screen_study,0.20537,0.21760,0.21149
29.376,test_001,screen_study,0.19915,0.21650,0.20782
29.417,test_001,screen_study,0.21326,0.21838,0.21582
29.458,test_001,screen_study,0.20406,0.22231,0.21319
29.498,test_001,screen_study,0.19832,0.21826,0.20829
29.540,test_001,screen_study,0.21334,0.22141,0.21738
29.580,test_001,screen_study,0.20664,0.22017,0.21340
29.622,test_001,screen_study,0.20772,0.22734,0.21753
29.661,test_001,screen_study,0.20452,0.23186,0.21819
29.701,test_001,screen_study,0.21681,0.22470,0.22075
29.743,test_001,screen_study,0.21430,0.21405,0.21418
29.783,test_001,screen_study,0.22761,0.21167,0.21964
29.825,test_001,screen_study,0.22322,0.20134,0.21228
29.866,test_001,screen_study,0.19877,0.16563,0.18220
29.907,test_001,screen_study,0.18272,0.19376,0.18824
29.947,test_001,screen_study,0.14225,0.21898,0.18062
29.988,test_001,screen_study,0.14603,0.22102,0.18352
30.029,test_001,screen_study,0.16368,0.22050,0.19209
30.070,test_001,screen_study,0.16969,0.22666,0.19818
30.110,test_001,screen_study,0.19613,0.23256,0.21435
30.151,test_001,screen_study,0.18977,0.23158,0.21067
30.192,test_001,screen_study,0.18511,0.22421,0.20466
30.234,test_001,screen_study,0.18303,0.22090,0.20197
30.274,test_001,screen_study,0.19072,0.22610,0.20841
30.315,test_001,screen_study,0.18063,0.21933,0.19998
30.356,test_001,screen_study,0.18306,0.21423,0.19865
30.396,test_001,screen_study,0.19751,0.18511,0.19131
30.436,test_001,screen_study,0.17964,0.22419,0.20191
30.477,test_001,screen_study,0.19920,0.21430,0.20675
30.519,test_001,screen_study,0.21442,0.22827,0.22134
30.559,test_001,screen_study,0.20207,0.22305,0.21256
30.599,test_001,screen_study,0.20015,0.23106,0.21561
30.640,test_001,screen_study,0.20148,0.23994,0.22071
30.682,test_001,screen_study,0.19347,0.24161,0.21754
30.723,test_001,screen_study,0.19934,0.23966,0.21950
30.762,test_001,screen_study,0.18713,0.23066,0.20889
30.804,test_001,screen_study,0.17561,0.23048,0.20305
30.844,test_001,screen_study,0.20008,0.23180,0.21594
30.885,test_001,screen_study,0.21181,0.24018,0.22600
30.927,test_001,screen_study,0.21481,0.21563,0.21522
30.967,test_001,screen_study,0.21172,0.21781,0.21476
31.008,test_001,screen_study,0.20668,0.21915,0.21292
31.048,test_001,screen_study,0.18848,0.22993,0.20921
31.090,test_001,screen_study,0.21287,0.23949,0.22618
31.130,test_001,screen_study,0.18169,0.23625,0.20897
31.172,test_001,screen_study,0.16532,0.22842,0.19687
31.211,test_001,screen_study,0.17992,0.25602,0.21797
31.253,test_001,screen_study,0.19223,0.23799,0.21511
31.294,test_001,screen_study,0.19703,0.24511,0.22107
31.334,test_001,screen_study,0.19676,0.21522,0.20599
31.376,test_001,screen_study,0.19910,0.20549,0.20230
31.417,test_001,screen_study,0.20295,0.21272,0.20783
31.457,test_001,screen_study,0.20601,0.20765,0.20683
31.498,test_001,screen_study,0.18317,0.22101,0.20209
31.539,test_001,screen_study,0.19041,0.23495,0.21268
31.580,test_001,screen_study,0.20340,0.25657,0.22999
31.621,test_001,screen_study,0.20025,0.24984,0.22505
31.661,test_001,screen_study,0.19261,0.24578,0.21920
31.701,test_001,screen_study,0.19746,0.23744,0.21745
31.743,test_001,screen_study,0.21209,0.24920,0.23065
31.784,test_001,screen_study,0.20543,0.23992,0.22268
31.825,test_001,screen_study,0.21574,0.24948,0.23261
31.866,test_001,screen_study,0.20889,0.24370,0.22630
31.907,test_001,screen_study,0.20230,0.24176,0.22203
31.946,test_001,screen_study,0.20455,0.24762,0.22609
31.988,test_001,screen_study,0.19631,0.24857,0.22244
32.029,test_001,screen_study,0.20661,0.24724,0.22692
32.069,test_001,screen_study,0.21005,0.22111,0.21558
32.110,test_001,screen_study,0.21094,0.25698,0.23396
32.150,test_001,screen_study,0.20492,0.26355,0.23424
32.192,test_001,screen_study,0.20999,0.24923,0.22961
32.232,test_001,screen_study,0.21686,0.25895,0.23790
32.274,test_001,screen_study,0.21658,0.25338,0.23498
32.314,test_001,screen_study,0.20749,0.26314,0.23531
32.356,test_001,screen_study,0.19756,0.26653,0.23205
32.396,test_001,screen_study,0.19652,0.25877,0.22765
32.437,test_001,screen_study,0.19762,0.26467,0.23115
32.477,test_001,screen_study,0.20910,0.26262,0.23586
32.517,test_001,screen_study,0.20567,0.26259,0.23413
32.559,test_001,screen_study,0.18299,0.25908,0.22104
32.599,test_001,screen_study,0.18417,0.26939,0.22678
32.641,test_001,screen_study,0.19999,0.24834,0.22417
32.681,test_001,screen_study,0.20347,0.22261,0.21304
32.723,test_001,screen_study,0.20670,0.25548,0.23109
32.764,test_001,screen_study,0.20989,0.25876,0.23432
32.804,test_001,screen_study,0.21111,0.24127,0.22619
32.845,test_001,screen_study,0.17330,0.23176,0.20253
32.885,test_001,screen_study,0.17068,0.20665,0.18866
32.926,test_001,screen_study,0.21408,0.21584,0.21496
32.966,test_001,screen_study,0.12799,0.22512,0.17656
33.008,test_001,screen_study,0.17414,0.21713,0.19564
33.048,test_001,screen_study,0.18448,0.24737,0.21593
33.089,test_001,screen_study,0.19757,0.25570,0.22664
33.130,test_001,screen_study,0.19104,0.24308,0.21706
33.172,test_001,screen_study,0.18970,0.20502,0.19736
33.212,test_001,screen_study,0.17766,0.20506,0.19136
33.253,test_001,screen_study,0.19120,0.20015,0.19567
33.293,test_001,screen_study,0.18572,0.20732,0.19652
33.334,test_001,screen_study,0.18201,0.21160,0.19681
33.375,test_001,screen_study,0.15961,0.20369,0.18165
33.416,test_001,screen_study,0.17462,0.20715,0.19088
33.457,test_001,screen_study,0.18837,0.17635,0.18236
33.498,test_001,screen_study,0.17483,0.19513,0.18498
33.539,test_001,screen_study,0.18527,0.19940,0.19234
33.579,test_001,screen_study,0.19341,0.21278,0.20309
33.620,test_001,screen_study,0.19994,0.22413,0.21204
33.661,test_001,screen_study,0.20930,0.22575,0.21753
33.701,test_001,screen_study,0.20435,0.21634,0.21035
33.743,test_001,screen_study,0.20305,0.22572,0.21439
33.784,test_001,screen_study,0.19875,0.23382,0.21629
33.824,test_001,screen_study,0.19514,0.23562,0.21538
33.865,test_001,screen_study,0.19018,0.21442,0.20230
33.906,test_001,screen_study,0.20372,0.21747,0.21059
33.947,test_001,screen_study,0.19939,0.22580,0.21260
33.987,test_001,screen_study,0.20532,0.21426,0.20979
34.028,test_001,screen_study,0.19675,0.20748,0.20212
34.069,test_001,screen_study,0.22087,0.21191,0.21639
34.110,test_001,screen_study,0.21734,0.22950,0.22342
34.150,test_001,screen_study,0.22795,0.22312,0.22553
34.191,test_001,screen_study,0.23447,0.22670,0.23058
34.232,test_001,screen_study,0.20729,0.22702,0.21716
34.273,test_001,screen_study,0.21382,0.23231,0.22307
34.313,test_001,screen_study,0.21419,0.23480,0.22449
34.355,test_001,screen_study,0.21991,0.24197,0.23094
34.395,test_001,screen_study,0.21643,0.23889,0.22766
34.436,test_001,screen_study,0.23080,0.23460,0.23270
34.476,test_001,screen_study,0.22741,0.23516,0.23129
34.517,test_001,screen_study,0.21673,0.20708,0.21191
34.558,test_001,screen_study,0.20528,0.21506,0.21017
34.600,test_001,screen_study,0.21055,0.21726,0.21390
34.641,test_001,screen_study,0.20791,0.22216,0.21504
34.682,test_001,screen_study,0.20017,0.22094,0.21055
34.722,test_001,screen_study,0.20583,0.21841,0.21212
34.762,test_001,screen_study,0.20036,0.22629,0.21332
34.803,test_001,screen_study,0.16854,0.21394,0.19124
34.844,test_001,screen_study,0.17865,0.20645,0.19255
34.885,test_001,screen_study,0.18714,0.23022,0.20868
34.926,test_001,screen_study,0.15586,0.23523,0.19554
34.967,test_001,screen_study,0.20028,0.22793,0.21410
35.008,test_001,screen_study,0.16840,0.22357,0.19598
35.048,test_001,screen_study,0.16744,0.22703,0.19724
35.088,test_001,screen_study,0.20657,0.22829,0.21743
35.129,test_001,screen_study,0.20031,0.21286,0.20658
35.171,test_001,screen_study,0.19124,0.22134,0.20629
35.211,test_001,screen_study,0.19198,0.23031,0.21114
35.251,test_001,screen_study,0.20764,0.22810,0.21787
35.293,test_001,screen_study,0.20282,0.22402,0.21342
35.334,test_001,screen_study,0.20438,0.21078,0.20758
35.375,test_001,screen_study,0.19915,0.20963,0.20439
35.415,test_001,screen_study,0.20234,0.21089,0.20662
35.457,test_001,screen_study,0.20609,0.21007,0.20808
35.497,test_001,screen_study,0.18891,0.22138,0.20514
35.539,test_001,screen_study,0.20112,0.22794,0.21453
35.579,test_001,screen_study,0.20607,0.21442,0.21024
35.619,test_001,screen_study,0.18815,0.21934,0.20375
35.660,test_001,screen_study,0.14893,0.18037,0.16465
35.701,test_001,screen_study,0.01323,0.09012,0.05168
35.742,test_001,screen_study,0.03565,0.05702,0.04634
35.782,test_001,screen_study,0.06436,0.14768,0.10602
35.825,test_001,screen_study,0.10841,0.18108,0.14474
35.864,test_001,screen_study,0.12760,0.20791,0.16776
35.906,test_001,screen_study,0.10977,0.22439,0.16708
35.947,test_001,screen_study,0.11562,0.22142,0.16852
35.988,test_001,screen_study,0.13741,0.22532,0.18137
36.027,test_001,screen_study,0.17775,0.20091,0.18933
36.068,test_001,screen_study,0.19182,0.22010,0.20596
36.109,test_001,screen_study,0.14351,0.22524,0.18437
36.149,test_001,screen_study,0.17809,0.23143,0.20476
36.191,test_001,screen_study,0.16253,0.23380,0.19817
36.231,test_001,screen_study,0.20758,0.22788,0.21773
36.273,test_001,screen_study,0.17736,0.20806,0.19271
36.313,test_001,screen_study,0.19125,0.21687,0.20406
36.355,test_001,screen_study,0.20930,0.22518,0.21724
36.395,test_001,screen_study,0.19801,0.21410,0.20606
36.436,test_001,screen_study,0.22137,0.17041,0.19589
36.476,test_001,screen_study,0.17686,0.20391,0.19038
36.517,test_001,screen_study,0.22728,0.18138,0.20433
36.559,test_001,screen_study,0.15758,0.18288,0.17023
36.599,test_001,screen_study,0.14473,0.19663,0.17068
36.640,test_001,screen_study,0.20328,0.20840,0.20584
36.681,test_001,screen_study,0.11648,0.22527,0.17087
36.722,test_001,screen_study,0.16136,0.21788,0.18962
36.762,test_001,screen_study,0.17748,0.22340,0.20044
36.802,test_001,screen_study,0.17790,0.21256,0.19523
36.843,test_001,screen_study,0.19768,0.21449,0.20609
36.884,test_001,screen_study,0.17981,0.21706,0.19843
36.926,test_001,screen_study,0.21368,0.21847,0.21608
36.966,test_001,screen_study,0.20050,0.21730,0.20890
37.007,test_001,screen_study,0.19304,0.21752,0.20528
37.048,test_001,screen_study,0.14231,0.24574,0.19403
37.088,test_001,screen_study,0.14917,0.22254,0.18585
37.129,test_001,screen_study,0.17332,0.21921,0.19627
37.171,test_001,screen_study,0.18174,0.21855,0.20014
37.211,test_001,screen_study,0.17792,0.19919,0.18855
37.253,test_001,screen_study,0.18785,0.20835,0.19810
37.293,test_001,screen_study,0.19985,0.21515,0.20750
37.334,test_001,screen_study,0.20315,0.22552,0.21433
37.374,test_001,screen_study,0.20453,0.23353,0.21903
37.414,test_001,screen_study,0.19980,0.23111,0.21546
37.456,test_001,screen_study,0.20760,0.21498,0.21129
37.496,test_001,screen_study,0.19804,0.20976,0.20390
37.538,test_001,screen_study,0.20717,0.22609,0.21663
37.578,test_001,screen_study,0.19106,0.22253,0.20680
37.619,test_001,screen_study,0.19233,0.21489,0.20361
37.660,test_001,screen_study,0.19825,0.21863,0.20844
37.701,test_001,screen_study,0.20390,0.21550,0.20970
37.741,test_001,screen_study,0.20299,0.22681,0.21490
37.782,test_001,screen_study,0.19921,0.23344,0.21633
37.823,test_001,screen_study,0.21460,0.23412,0.22436
37.863,test_001,screen_study,0.21026,0.23319,0.22172
37.906,test_001,screen_study,0.20866,0.22919,0.21892
37.946,test_001,screen_study,0.20886,0.21849,0.21368
37.987,test_001,screen_study,0.16943,0.22224,0.19583
38.027,test_001,screen_study,0.18592,0.22536,0.20564
38.068,test_001,screen_study,0.17647,0.24174,0.20911
38.108,test_001,screen_study,0.16929,0.22889,0.19909
38.149,test_001,screen_study,0.18760,0.22101,0.20431
38.191,test_001,screen_study,0.19182,0.21814,0.20498
38.231,test_001,screen_study,0.18830,0.21063,0.19946
38.273,test_001,screen_study,0.19163,0.20511,0.19837
38.313,test_001,screen_study,0.19559,0.21067,0.20313
38.354,test_001,screen_study,0.19099,0.21201,0.20150
38.394,test_001,screen_study,0.18575,0.21160,0.19867
38.435,test_001,screen_study,0.19080,0.20899,0.19989
38.476,test_001,screen_study,0.20735,0.21677,0.21206
38.517,test_001,screen_study,0.20150,0.21768,0.20959
38.558,test_001,screen_study,0.19329,0.21232,0.20280
38.599,test_001,screen_study,0.18599,0.21308,0.19953
38.639,test_001,screen_study,0.19873,0.21518,0.20696
38.680,test_001,screen_study,0.19382,0.22077,0.20730
38.721,test_001,screen_study,0.20120,0.21977,0.21048
38.761,test_001,screen_study,0.20267,0.21395,0.20831
38.802,test_001,screen_study,0.20500,0.21583,0.21041
38.844,test_001,screen_study,0.20560,0.21936,0.21248
38.884,test_001,screen_study,0.21365,0.21693,0.21529
38.925,test_001,screen_study,0.21309,0.21516,0.21412
38.966,test_001,screen_study,0.21659,0.22272,0.21965
39.008,test_001,screen_study,0.20816,0.21622,0.21219
39.047,test_001,screen_study,0.22870,0.22201,0.22535
39.088,test_001,screen_study,0.24078,0.22127,0.23102
39.128,test_001,screen_study,0.21927,0.23515,0.22721
39.170,test_001,screen_study,0.23195,0.22527,0.22861
39.210,test_001,screen_study,0.22860,0.23372,0.23116
39.252,test_001,screen_study,0.23154,0.23365,0.23259
39.291,test_001,screen_study,0.22304,0.23825,0.23065
39.333,test_001,screen_study,0.21937,0.23900,0.22918
39.375,test_001,screen_study,0.22953,0.23246,0.23099
39.415,test_001,screen_study,0.22575,0.22889,0.22732
39.455,test_001,screen_study,0.22861,0.23095,0.22978
39.496,test_001,screen_study,0.23280,0.22275,0.22777
39.537,test_001,screen_study,0.23515,0.22760,0.23137
39.578,test_001,screen_study,0.23272,0.21934,0.22603
39.619,test_001,screen_study,0.23141,0.23593,0.23367
39.659,test_001,screen_study,0.23054,0.22868,0.22961
39.700,test_001,screen_study,0.22563,0.23577,0.23070
39.741,test_001,screen_study,0.23206,0.23641,0.23424
39.782,test_001,screen_study,0.23232,0.24379,0.23806
39.824,test_001,screen_study,0.23207,0.23732,0.23470
39.864,test_001,screen_study,0.22543,0.22580,0.22561
39.905,test_001,screen_study,0.19655,0.23245,0.21450
39.946,test_001,screen_study,0.19531,0.23842,0.21686
39.986,test_001,screen_study,0.20717,0.24086,0.22401
40.026,test_001,screen_study,0.20544,0.23987,0.22266
40.068,test_001,screen_study,0.21284,0.23771,0.22527
40.108,test_001,screen_study,0.20661,0.24882,0.22772
40.150,test_001,screen_study,0.21512,0.25410,0.23461
40.190,test_001,screen_study,0.20380,0.25504,0.22942
40.231,test_001,screen_study,0.19833,0.26254,0.23043
40.271,test_001,screen_study,0.19471,0.25379,0.22425
40.312,test_001,screen_study,0.19990,0.25752,0.22871
40.354,test_001,screen_study,0.22774,0.27250,0.25012
40.394,test_001,screen_study,0.21585,0.25499,0.23542
40.434,test_001,screen_study,0.21236,0.26526,0.23881
40.475,test_001,screen_study,0.19976,0.28253,0.24115
40.517,test_001,screen_study,0.21022,0.27345,0.24184
40.557,test_001,screen_study,0.19778,0.27051,0.23415
40.599,test_001,screen_study,0.20270,0.26211,0.23240
40.640,test_001,screen_study,0.22011,0.26497,0.24254
40.680,test_001,screen_study,0.20996,0.25525,0.23260
40.721,test_001,screen_study,0.22756,0.26622,0.24689
40.761,test_001,screen_study,0.22294,0.26182,0.24238
40.802,test_001,screen_study,0.20889,0.25463,0.23176
40.843,test_001,screen_study,0.21188,0.25409,0.23299
40.884,test_001,screen_study,0.19576,0.26451,0.23013
40.924,test_001,screen_study,0.19553,0.26196,0.22875
40.965,test_001,screen_study,0.20355,0.26283,0.23319
41.006,test_001,screen_study,0.20135,0.25478,0.22806
41.048,test_001,screen_study,0.21492,0.24710,0.23101
41.088,test_001,screen_study,0.19828,0.24628,0.22228
41.128,test_001,screen_study,0.20820,0.25548,0.23184
41.170,test_001,screen_study,0.19913,0.25369,0.22641
41.210,test_001,screen_study,0.19378,0.25297,0.22338
41.252,test_001,screen_study,0.17002,0.21460,0.19231
41.292,test_001,screen_study,0.17550,0.21214,0.19382
41.332,test_001,screen_study,0.17150,0.20870,0.19010
41.375,test_001,screen_study,0.17590,0.21815,0.19702
41.439,test_001,screen_study,0.18291,0.21619,0.19955
41.495,test_001,screen_study,0.18790,0.20628,0.19709
41.537,test_001,screen_study,0.19453,0.20438,0.19945
41.577,test_001,screen_study,0.21912,0.21645,0.21779
41.619,test_001,screen_study,0.26622,0.23545,0.25084
41.659,test_001,screen_study,0.23998,0.24575,0.24287
41.700,test_001,screen_study,0.24753,0.25113,0.24933
41.741,test_001,screen_study,0.23755,0.24633,0.24194
41.782,test_001,screen_study,0.24400,0.26577,0.25488
41.822,test_001,screen_study,0.23707,0.26785,0.25246
41.863,test_001,screen_study,0.23792,0.26406,0.25099
41.905,test_001,screen_study,0.23895,0.25551,0.24723
41.945,test_001,screen_study,0.24076,0.26044,0.25060
41.986,test_001,screen_study,0.21960,0.25330,0.23645
42.026,test_001,screen_study,0.20115,0.23187,0.21651
42.067,test_001,screen_study,0.21794,0.23528,0.22661
42.109,test_001,screen_study,0.22035,0.24378,0.23206
42.149,test_001,screen_study,0.22233,0.23852,0.23042
42.190,test_001,screen_study,0.22779,0.24589,0.23684
42.231,test_001,screen_study,0.22030,0.25522,0.23776
42.272,test_001,screen_study,0.21382,0.25589,0.23486
42.312,test_001,screen_study,0.21038,0.25210,0.23124
42.353,test_001,screen_study,0.22569,0.23386,0.22978
42.394,test_001,screen_study,0.22486,0.22763,0.22625
42.435,test_001,screen_study,0.20953,0.23458,0.22206
42.475,test_001,screen_study,0.20485,0.24030,0.22258
42.517,test_001,screen_study,0.19629,0.23780,0.21704
42.557,test_001,screen_study,0.21018,0.23356,0.22187
42.598,test_001,screen_study,0.18918,0.24419,0.21668
42.639,test_001,screen_study,0.18852,0.22890,0.20871
42.680,test_001,screen_study,0.19896,0.23658,0.21777
42.721,test_001,screen_study,0.20611,0.22884,0.21748
42.761,test_001,screen_study,0.20785,0.23297,0.22041
42.802,test_001,screen_study,0.21080,0.23289,0.22185
42.843,test_001,screen_study,0.20519,0.23401,0.21960
42.884,test_001,screen_study,0.20603,0.24174,0.22388
42.925,test_001,screen_study,0.21079,0.22461,0.21770
42.965,test_001,screen_study,0.20845,0.22477,0.21661
43.006,test_001,screen_study,0.19844,0.22672,0.21258
43.047,test_001,screen_study,0.20340,0.21893,0.21117
43.089,test_001,screen_study,0.19928,0.22193,0.21060
43.128,test_001,screen_study,0.19874,0.22078,0.20976
43.169,test_001,screen_study,0.20150,0.23819,0.21985
43.210,test_001,screen_study,0.20183,0.22279,0.21231
43.251,test_001,screen_study,0.20498,0.22166,0.21332
43.292,test_001,screen_study,0.23641,0.23319,0.23480
43.333,test_001,screen_study,0.23581,0.23824,0.23702
43.374,test_001,screen_study,0.24174,0.25588,0.24881
43.414,test_001,screen_study,0.23614,0.25704,0.24659
43.455,test_001,screen_study,0.23965,0.26057,0.25011
43.495,test_001,screen_study,0.24072,0.24527,0.24300
43.537,test_001,screen_study,0.24134,0.25643,0.24889
43.577,test_001,screen_study,0.25376,0.26781,0.26079
43.619,test_001,screen_study,0.26041,0.27230,0.26636
43.660,test_001,screen_study,0.25362,0.25844,0.25603
43.700,test_001,screen_study,0.27538,0.24000,0.25769
43.741,test_001,screen_study,0.24991,0.24659,0.24825
43.782,test_001,screen_study,0.24904,0.25487,0.25195
43.822,test_001,screen_study,0.24409,0.25368,0.24889
43.863,test_001,screen_study,0.24583,0.25274,0.24929
43.904,test_001,screen_study,0.26321,0.27090,0.26706
43.945,test_001,screen_study,0.25233,0.27498,0.26366
43.984,test_001,screen_study,0.25974,0.27641,0.26808
44.025,test_001,screen_study,0.26210,0.26924,0.26567
44.067,test_001,screen_study,0.27258,0.27785,0.27522
44.107,test_001,screen_study,0.27331,0.28720,0.28025
44.149,test_001,screen_study,0.27763,0.28352,0.28057
44.190,test_001,screen_study,0.27676,0.27475,0.27576
44.231,test_001,screen_study,0.27190,0.27738,0.27464
44.271,test_001,screen_study,0.27512,0.29014,0.28263
44.312,test_001,screen_study,0.27280,0.28514,0.27897
44.351,test_001,screen_study,0.27284,0.28197,0.27741
44.393,test_001,screen_study,0.26801,0.28936,0.27869
44.434,test_001,screen_study,0.27023,0.29244,0.28133
44.476,test_001,screen_study,0.27624,0.29151,0.28388
44.516,test_001,screen_study,0.26469,0.30213,0.28341
44.557,test_001,screen_study,0.26435,0.28524,0.27480
44.597,test_001,screen_study,0.26219,0.28742,0.27481
44.638,test_001,screen_study,0.26825,0.27013,0.26919
44.678,test_001,screen_study,0.27463,0.28697,0.28080
44.720,test_001,screen_study,0.27223,0.29243,0.28233
44.761,test_001,screen_study,0.27232,0.29862,0.28547
44.801,test_001,screen_study,0.28767,0.28231,0.28499
44.842,test_001,screen_study,0.27616,0.30077,0.28846
44.883,test_001,screen_study,0.26311,0.31154,0.28732
44.923,test_001,screen_study,0.27591,0.29023,0.28307
44.965,test_001,screen_study,0.24332,0.24566,0.24449
45.006,test_001,screen_study,0.18833,0.20925,0.19879
45.046,test_001,screen_study,0.19970,0.23407,0.21688
45.086,test_001,screen_study,0.18915,0.22327,0.20621
45.128,test_001,screen_study,0.19202,0.23620,0.21411
45.169,test_001,screen_study,0.14107,0.21928,0.18018
45.209,test_001,screen_study,0.18243,0.23534,0.20889
45.250,test_001,screen_study,0.18357,0.22661,0.20509
45.291,test_001,screen_study,0.18585,0.22500,0.20542
45.331,test_001,screen_study,0.17200,0.21203,0.19201
45.373,test_001,screen_study,0.18865,0.24581,0.21723
45.414,test_001,screen_study,0.18650,0.24177,0.21414
45.455,test_001,screen_study,0.18203,0.23347,0.20775
45.495,test_001,screen_study,0.17122,0.24058,0.20590
45.536,test_001,screen_study,0.20306,0.23472,0.21889
45.576,test_001,screen_study,0.25240,0.26269,0.25754
0.043,test_001,screen_study,0.25178,0.23542,0.24360
0.202,test_001,screen_study,0.23929,0.24984,0.24457
0.236,test_001,screen_study,0.24474,0.23576,0.24025
0.303,test_001,screen_study,0.25984,0.27197,0.26590
0.338,test_001,screen_study,0.25459,0.26227,0.25843
0.405,test_001,screen_study,0.25636,0.26133,0.25885
0.473,test_001,screen_study,0.24636,0.26083,0.25360
0.539,test_001,screen_study,0.25174,0.26215,0.25694
0.601,test_001,screen_study,0.24698,0.26371,0.25534
0.634,test_001,screen_study,0.24502,0.26283,0.25393
0.668,test_001,screen_study,0.26061,0.25574,0.25818
0.701,test_001,screen_study,0.25512,0.24635,0.25074
0.734,test_001,screen_study,0.26471,0.25482,0.25976
0.768,test_001,screen_study,0.27399,0.25847,0.26623
0.809,test_001,screen_study,0.27412,0.25650,0.26531
0.868,test_001,screen_study,0.25108,0.26309,0.25709
0.901,test_001,screen_study,0.25466,0.25719,0.25593
0.935,test_001,screen_study,0.25289,0.26579,0.25934
0.968,test_001,screen_study,0.25884,0.26115,0.26000
1.001,test_001,screen_study,0.26227,0.27848,0.27038
1.034,test_001,screen_study,0.24974,0.26350,0.25662
1.068,test_001,screen_study,0.25841,0.25795,0.25818
1.101,test_001,screen_study,0.27164,0.27087,0.27125
1.134,test_001,screen_study,0.26818,0.26136,0.26477
1.168,test_001,screen_study,0.24870,0.25300,0.25085
1.202,test_001,screen_study,0.25858,0.26266,0.26062
1.236,test_001,screen_study,0.26127,0.26273,0.26200
1.268,test_001,screen_study,0.25617,0.27022,0.26319
1.304,test_001,screen_study,0.25502,0.27044,0.26273
1.337,test_001,screen_study,0.26432,0.27246,0.26839
1.368,test_001,screen_study,0.26225,0.25233,0.25729
1.402,test_001,screen_study,0.26573,0.26610,0.26592
1.437,test_001,screen_study,0.26672,0.25521,0.26097
1.470,test_001,screen_study,0.25486,0.26470,0.25978
1.502,test_001,screen_study,0.24008,0.26408,0.25208
1.536,test_001,screen_study,0.26014,0.27079,0.26546
1.569,test_001,screen_study,0.25910,0.26416,0.26163
1.603,test_001,screen_study,0.24876,0.26516,0.25696
1.635,test_001,screen_study,0.25256,0.25799,0.25528
1.670,test_001,screen_study,0.24607,0.26381,0.25494
1.703,test_001,screen_study,0.25448,0.26665,0.26057
1.737,test_001,screen_study,0.25791,0.26787,0.26289
1.769,test_001,screen_study,0.26498,0.27485,0.26991
1.802,test_001,screen_study,0.26769,0.27400,0.27085
1.836,test_001,screen_study,0.26719,0.27888,0.27304
1.869,test_001,screen_study,0.25565,0.28176,0.26870
1.903,test_001,screen_study,0.27183,0.27931,0.27557
1.936,test_001,screen_study,0.27987,0.27307,0.27647
1.969,test_001,screen_study,0.27784,0.26022,0.26903
2.003,test_001,screen_study,0.26488,0.26921,0.26705
2.035,test_001,screen_study,0.26260,0.26991,0.26625
2.069,test_001,screen_study,0.27383,0.27529,0.27456
2.103,test_001,screen_study,0.27298,0.27819,0.27559
2.136,test_001,screen_study,0.26793,0.26552,0.26672
2.169,test_001,screen_study,0.26937,0.26620,0.26779
2.203,test_001,screen_study,0.25993,0.26753,0.26373
2.237,test_001,screen_study,0.26330,0.27036,0.26683
2.270,test_001,screen_study,0.26117,0.26821,0.26469
2.303,test_001,screen_study,0.25977,0.27352,0.26665
2.336,test_001,screen_study,0.26178,0.26526,0.26352
2.369,test_001,screen_study,0.25308,0.26069,0.25688
2.403,test_001,screen_study,0.26035,0.26000,0.26017
2.436,test_001,screen_study,0.26407,0.25886,0.26146
2.469,test_001,screen_study,0.26955,0.26536,0.26746
2.503,test_001,screen_study,0.26370,0.25936,0.26153
2.536,test_001,screen_study,0.26722,0.26261,0.26492
2.570,test_001,screen_study,0.25949,0.26218,0.26084
2.603,test_001,screen_study,0.25760,0.27018,0.26389
2.637,test_001,screen_study,0.24926,0.26149,0.25538
2.670,test_001,screen_study,0.23917,0.26769,0.25343
2.703,test_001,screen_study,0.24353,0.27761,0.26057
2.737,test_001,screen_study,0.25147,0.26105,0.25626
2.769,test_001,screen_study,0.25904,0.26808,0.26356
2.804,test_001,screen_study,0.26382,0.26366,0.26374
2.836,test_001,screen_study,0.26176,0.27295,0.26736
2.869,test_001,screen_study,0.26166,0.27411,0.26789
2.903,test_001,screen_study,0.25093,0.26491,0.25792
2.936,test_001,screen_study,0.24105,0.26843,0.25474
2.971,test_001,screen_study,0.24237,0.28081,0.26159
3.003,test_001,screen_study,0.22671,0.27115,0.24893
3.037,test_001,screen_study,0.24457,0.25391,0.24924
3.070,test_001,screen_study,0.25234,0.26553,0.25893
3.104,test_001,screen_study,0.24765,0.26775,0.25770
3.138,test_001,screen_study,0.25144,0.26492,0.25818
3.169,test_001,screen_study,0.25451,0.27227,0.26339
3.204,test_001,screen_study,0.25397,0.26931,0.26164
3.237,test_001,screen_study,0.24947,0.26547,0.25747
3.271,test_001,screen_study,0.25249,0.27335,0.26292
3.304,test_001,screen_study,0.25271,0.26473,0.25872
3.337,test_001,screen_study,0.24448,0.27036,0.25742
3.371,test_001,screen_study,0.24428,0.26739,0.25584
3.404,test_001,screen_study,0.24508,0.27055,0.25781
3.437,test_001,screen_study,0.24885,0.26966,0.25925
3.471,test_001,screen_study,0.25049,0.27487,0.26268
3.504,test_001,screen_study,0.25597,0.26950,0.26274
3.537,test_001,screen_study,0.25754,0.27487,0.26621
3.571,test_001,screen_study,0.25738,0.27324,0.26531
3.603,test_001,screen_study,0.25808,0.26430,0.26119
3.637,test_001,screen_study,0.26243,0.25917,0.26080
3.670,test_001,screen_study,0.26212,0.26266,0.26239
3.704,test_001,screen_study,0.24064,0.27104,0.25584
3.737,test_001,screen_study,0.22145,0.24971,0.23558
3.770,test_001,screen_study,0.20860,0.24003,0.22431
3.803,test_001,screen_study,0.19908,0.23036,0.21472
3.837,test_001,screen_study,0.17741,0.25431,0.21586
3.871,test_001,screen_study,0.18755,0.25260,0.22007
3.904,test_001,screen_study,0.18784,0.24523,0.21653
3.937,test_001,screen_study,0.19623,0.25243,0.22433
3.971,test_001,screen_study,0.18321,0.26554,0.22437
4.004,test_001,screen_study,0.18647,0.26462,0.22555
4.037,test_001,screen_study,0.19080,0.25750,0.22415
4.070,test_001,screen_study,0.17760,0.24825,0.21292
4.104,test_001,screen_study,0.17676,0.23001,0.20339
4.137,test_001,screen_study,0.19254,0.24297,0.21776
4.171,test_001,screen_study,0.17992,0.23664,0.20828
4.203,test_001,screen_study,0.19775,0.22208,0.20992
4.237,test_001,screen_study,0.19984,0.23267,0.21625
4.270,test_001,screen_study,0.19538,0.25194,0.22366
4.311,test_001,screen_study,0.18818,0.22909,0.20863
4.352,test_001,screen_study,0.15851,0.24174,0.20013
4.393,test_001,screen_study,0.19372,0.22386,0.20879
4.434,test_001,screen_study,0.21456,0.22137,0.21796
4.474,test_001,screen_study,0.25705,0.25556,0.25630
4.514,test_001,screen_study,0.24830,0.25020,0.24925
4.557,test_001,screen_study,0.25467,0.26247,0.25857
4.597,test_001,screen_study,0.28311,0.28037,0.28174
4.638,test_001,screen_study,0.26336,0.26727,0.26532
4.678,test_001,screen_study,0.24476,0.27919,0.26198
4.720,test_001,screen_study,0.23631,0.25482,0.24556
4.760,test_001,screen_study,0.24939,0.25133,0.25036
4.800,test_001,screen_study,0.25077,0.25100,0.25089
4.841,test_001,screen_study,0.25098,0.25949,0.25524
4.881,test_001,screen_study,0.25258,0.26335,0.25797
0.041,test_001,screen_study,0.18368,0.22363,0.20365
0.206,test_001,screen_study,0.21447,0.25928,0.23688
0.278,test_001,screen_study,0.21539,0.23728,0.22633
0.321,test_001,screen_study,0.22898,0.24001,0.23449
0.358,test_001,screen_study,0.22654,0.23379,0.23016
0.399,test_001,screen_study,0.20516,0.26149,0.23332
0.440,test_001,screen_study,0.20868,0.26624,0.23746
0.483,test_001,screen_study,0.21974,0.27039,0.24507
0.526,test_001,screen_study,0.22820,0.26851,0.24835
0.562,test_001,screen_study,0.23514,0.24724,0.24119
0.604,test_001,screen_study,0.23056,0.26392,0.24724
0.644,test_001,screen_study,0.23640,0.23663,0.23651
0.685,test_001,screen_study,0.25319,0.25548,0.25434
0.726,test_001,screen_study,0.23904,0.25457,0.24680
0.811,test_001,screen_study,0.24167,0.25746,0.24956
0.848,test_001,screen_study,0.21757,0.25231,0.23494
0.889,test_001,screen_study,0.21976,0.25048,0.23512
0.930,test_001,screen_study,0.21538,0.25575,0.23556
0.970,test_001,screen_study,0.21829,0.26349,0.24089
1.011,test_001,screen_study,0.22321,0.26636,0.24479
1.052,test_001,screen_study,0.23025,0.26664,0.24844
1.093,test_001,screen_study,0.23023,0.26669,0.24846
1.137,test_001,screen_study,0.21668,0.26008,0.23838
1.175,test_001,screen_study,0.22185,0.25264,0.23725
1.216,test_001,screen_study,0.21254,0.26065,0.23660
1.257,test_001,screen_study,0.21756,0.27322,0.24539
1.297,test_001,screen_study,0.23013,0.26638,0.24826
1.339,test_001,screen_study,0.23290,0.27300,0.25295
1.379,test_001,screen_study,0.24881,0.27358,0.26120
1.421,test_001,screen_study,0.24386,0.27318,0.25852
1.461,test_001,screen_study,0.25487,0.25305,0.25396
1.501,test_001,screen_study,0.23305,0.26443,0.24874
1.543,test_001,screen_study,0.23783,0.27591,0.25687
1.583,test_001,screen_study,0.24121,0.26918,0.25520
1.625,test_001,screen_study,0.23537,0.26353,0.24945
1.665,test_001,screen_study,0.23815,0.27824,0.25819
1.705,test_001,screen_study,0.24527,0.28479,0.26503
1.746,test_001,screen_study,0.24685,0.26447,0.25566
1.787,test_001,screen_study,0.24143,0.26076,0.25109
1.830,test_001,screen_study,0.23469,0.26875,0.25172
1.869,test_001,screen_study,0.25287,0.26382,0.25834
1.910,test_001,screen_study,0.23464,0.27405,0.25434
1.950,test_001,screen_study,0.22759,0.26136,0.24448
1.992,test_001,screen_study,0.23746,0.26345,0.25046
2.032,test_001,screen_study,0.24824,0.27479,0.26152
2.073,test_001,screen_study,0.24488,0.26450,0.25469
2.114,test_001,screen_study,0.24211,0.27131,0.25671
2.154,test_001,screen_study,0.24452,0.27529,0.25990
2.196,test_001,screen_study,0.24403,0.27295,0.25849
2.236,test_001,screen_study,0.24376,0.28127,0.26252
2.277,test_001,screen_study,0.25376,0.28092,0.26734
2.318,test_001,screen_study,0.25314,0.28367,0.26841
2.359,test_001,screen_study,0.25187,0.28717,0.26952
2.399,test_001,screen_study,0.24094,0.28945,0.26520
2.440,test_001,screen_study,0.25376,0.28705,0.27040
2.481,test_001,screen_study,0.24107,0.28096,0.26101
2.522,test_001,screen_study,0.24148,0.29026,0.26587
2.563,test_001,screen_study,0.25295,0.29188,0.27241
2.603,test_001,screen_study,0.25690,0.28515,0.27103
2.644,test_001,screen_study,0.25534,0.28364,0.26949
2.685,test_001,screen_study,0.25426,0.29289,0.27358
2.725,test_001,screen_study,0.24757,0.29113,0.26935
2.767,test_001,screen_study,0.26550,0.29797,0.28174
2.808,test_001,screen_study,0.25019,0.28618,0.26819
2.848,test_001,screen_study,0.23384,0.27377,0.25380
2.889,test_001,screen_study,0.24193,0.26993,0.25593
2.930,test_001,screen_study,0.25096,0.27483,0.26290
2.971,test_001,screen_study,0.22850,0.28743,0.25797
3.013,test_001,screen_study,0.22070,0.26810,0.24440
3.052,test_001,screen_study,0.23464,0.26742,0.25103
3.093,test_001,screen_study,0.23881,0.27665,0.25773
3.135,test_001,screen_study,0.24433,0.25452,0.24943
3.175,test_001,screen_study,0.24555,0.26894,0.25725
3.216,test_001,screen_study,0.24503,0.28725,0.26614
3.257,test_001,screen_study,0.24352,0.24251,0.24302
3.297,test_001,screen_study,0.23257,0.26487,0.24872
3.338,test_001,screen_study,0.23983,0.26116,0.25049
3.379,test_001,screen_study,0.24186,0.26446,0.25316
3.419,test_001,screen_study,0.24491,0.26717,0.25604
3.461,test_001,screen_study,0.25074,0.27494,0.26284
3.501,test_001,screen_study,0.23737,0.26912,0.25325
3.542,test_001,screen_study,0.24150,0.23836,0.23993
3.582,test_001,screen_study,0.08322,0.12529,0.10425
3.624,test_001,screen_study,0.04796,0.05097,0.04947
3.664,test_001,screen_study,0.08436,0.13267,0.10851
3.705,test_001,screen_study,0.17631,0.19710,0.18671
3.746,test_001,screen_study,0.19379,0.23825,0.21602
3.787,test_001,screen_study,0.22254,0.24274,0.23264
3.827,test_001,screen_study,0.22686,0.24668,0.23677
3.868,test_001,screen_study,0.23052,0.25535,0.24294
3.910,test_001,screen_study,0.23266,0.25778,0.24522
3.950,test_001,screen_study,0.24037,0.26831,0.25434
3.992,test_001,screen_study,0.25396,0.26777,0.26087
4.031,test_001,screen_study,0.25389,0.26148,0.25769
4.071,test_001,screen_study,0.24879,0.26896,0.25888
4.113,test_001,screen_study,0.24239,0.26404,0.25322
4.155,test_001,screen_study,0.23961,0.26071,0.25016
4.194,test_001,screen_study,0.23979,0.26487,0.25233
4.235,test_001,screen_study,0.24236,0.27077,0.25656
4.277,test_001,screen_study,0.24218,0.27029,0.25624
4.317,test_001,screen_study,0.24490,0.28177,0.26333
4.359,test_001,screen_study,0.23823,0.27554,0.25688
4.399,test_001,screen_study,0.25846,0.27444,0.26645
4.440,test_001,screen_study,0.26847,0.28830,0.27839
4.481,test_001,screen_study,0.26083,0.28388,0.27236
4.522,test_001,screen_study,0.26169,0.26786,0.26477
4.562,test_001,screen_study,0.25341,0.27412,0.26376
4.602,test_001,screen_study,0.25908,0.27478,0.26693
4.644,test_001,screen_study,0.25435,0.27986,0.26710
4.685,test_001,screen_study,0.25103,0.27975,0.26539
4.725,test_001,screen_study,0.25365,0.27394,0.26380
4.766,test_001,screen_study,0.25341,0.28114,0.26727
4.807,test_001,screen_study,0.24900,0.27624,0.26262
4.848,test_001,screen_study,0.23699,0.27691,0.25695
4.889,test_001,screen_study,0.25292,0.27741,0.26516
4.929,test_001,screen_study,0.25069,0.26629,0.25849
4.972,test_001,screen_study,0.24956,0.26159,0.25558
5.011,test_001,screen_study,0.25444,0.26128,0.25786
5.052,test_001,screen_study,0.24757,0.27308,0.26032
5.093,test_001,screen_study,0.25227,0.25843,0.25535
5.134,test_001,screen_study,0.25745,0.26453,0.26099
5.174,test_001,screen_study,0.24917,0.27335,0.26126
5.216,test_001,screen_study,0.24730,0.25533,0.25132
5.256,test_001,screen_study,0.24466,0.25842,0.25154
5.297,test_001,screen_study,0.24391,0.25212,0.24802
5.338,test_001,screen_study,0.25496,0.25517,0.25506
5.379,test_001,screen_study,0.24835,0.25055,0.24945
5.419,test_001,screen_study,0.25259,0.25837,0.25548
5.460,test_001,screen_study,0.24409,0.26106,0.25258
5.501,test_001,screen_study,0.23901,0.25952,0.24927
5.541,test_001,screen_study,0.25999,0.26106,0.26053
5.582,test_001,screen_study,0.27037,0.26568,0.26803
5.623,test_001,screen_study,0.26040,0.27356,0.26698
5.664,test_001,screen_study,0.25583,0.27550,0.26566
5.705,test_001,screen_study,0.25985,0.27147,0.26566
5.745,test_001,screen_study,0.25791,0.26947,0.26369
5.787,test_001,screen_study,0.25457,0.27451,0.26454
5.827,test_001,screen_study,0.25449,0.26803,0.26126
5.868,test_001,screen_study,0.25833,0.27149,0.26491
5.909,test_001,screen_study,0.25618,0.27146,0.26382
5.949,test_001,screen_study,0.26079,0.27448,0.26764
5.991,test_001,screen_study,0.26271,0.27806,0.27038
6.031,test_001,screen_study,0.25662,0.27922,0.26792
6.072,test_001,screen_study,0.25902,0.27841,0.26872
6.113,test_001,screen_study,0.25494,0.27970,0.26732
6.154,test_001,screen_study,0.25853,0.27922,0.26887
6.194,test_001,screen_study,0.26906,0.28457,0.27681
6.235,test_001,screen_study,0.26940,0.28589,0.27765
6.277,test_001,screen_study,0.26742,0.29026,0.27884
6.317,test_001,screen_study,0.27082,0.29051,0.28066
6.358,test_001,screen_study,0.26660,0.27907,0.27284
6.398,test_001,screen_study,0.27484,0.29040,0.28262
6.440,test_001,screen_study,0.26875,0.28864,0.27870
6.480,test_001,screen_study,0.23372,0.28751,0.26062
6.520,test_001,screen_study,0.23973,0.28564,0.26268
6.562,test_001,screen_study,0.24568,0.27230,0.25899
6.603,test_001,screen_study,0.24818,0.27247,0.26033
6.644,test_001,screen_study,0.24781,0.27557,0.26169
6.685,test_001,screen_study,0.25286,0.28782,0.27034
6.726,test_001,screen_study,0.25543,0.28653,0.27098
6.765,test_001,screen_study,0.25153,0.27791,0.26472
6.807,test_001,screen_study,0.25437,0.28441,0.26939
6.847,test_001,screen_study,0.26388,0.29004,0.27696
6.888,test_001,screen_study,0.26066,0.27867,0.26967
6.929,test_001,screen_study,0.25320,0.28786,0.27053
6.970,test_001,screen_study,0.25715,0.28856,0.27285
7.011,test_001,screen_study,0.25562,0.28946,0.27254
7.052,test_001,screen_study,0.25359,0.29587,0.27473
7.093,test_001,screen_study,0.24649,0.27843,0.26246
7.134,test_001,screen_study,0.23715,0.28868,0.26292
7.174,test_001,screen_study,0.22513,0.28855,0.25684
7.214,test_001,screen_study,0.23689,0.26311,0.25000
7.257,test_001,screen_study,0.23944,0.27687,0.25815
7.297,test_001,screen_study,0.24441,0.28252,0.26347
7.338,test_001,screen_study,0.24521,0.27553,0.26037
7.379,test_001,screen_study,0.24604,0.28233,0.26418
7.419,test_001,screen_study,0.24616,0.27246,0.25931
7.460,test_001,screen_study,0.24240,0.26624,0.25432
7.500,test_001,screen_study,0.23642,0.26286,0.24964
7.542,test_001,screen_study,0.23337,0.25272,0.24304
7.582,test_001,screen_study,0.23632,0.26553,0.25093
7.623,test_001,screen_study,0.23298,0.25895,0.24596
7.664,test_001,screen_study,0.24079,0.26050,0.25064
7.704,test_001,screen_study,0.23760,0.26196,0.24978
7.746,test_001,screen_study,0.23483,0.26942,0.25212
7.786,test_001,screen_study,0.24696,0.25851,0.25274
7.827,test_001,screen_study,0.24758,0.27451,0.26105
7.867,test_001,screen_study,0.24740,0.26366,0.25553
7.908,test_001,screen_study,0.25364,0.25403,0.25384
7.950,test_001,screen_study,0.24685,0.25394,0.25040
7.991,test_001,screen_study,0.23745,0.25753,0.24749
8.032,test_001,screen_study,0.24783,0.24032,0.24408
8.072,test_001,screen_study,0.25767,0.25458,0.25613
8.112,test_001,screen_study,0.25182,0.27782,0.26482
8.155,test_001,screen_study,0.24287,0.27270,0.25778
8.194,test_001,screen_study,0.24352,0.26524,0.25438
8.235,test_001,screen_study,0.25311,0.25697,0.25504
8.276,test_001,screen_study,0.25650,0.25914,0.25782
8.317,test_001,screen_study,0.25711,0.26102,0.25907
8.359,test_001,screen_study,0.25874,0.26515,0.26194
8.399,test_001,screen_study,0.25059,0.25834,0.25447
8.439,test_001,screen_study,0.21222,0.19757,0.20489
8.480,test_001,screen_study,0.12384,0.09584,0.10984
8.521,test_001,screen_study,0.06507,0.05178,0.05842
8.562,test_001,screen_study,0.09887,0.09843,0.09865
8.602,test_001,screen_study,0.20038,0.20132,0.20085
8.644,test_001,screen_study,0.20782,0.24800,0.22791
8.684,test_001,screen_study,0.24313,0.25758,0.25036
8.725,test_001,screen_study,0.23287,0.25377,0.24332
8.765,test_001,screen_study,0.22484,0.27451,0.24968
8.806,test_001,screen_study,0.25150,0.27729,0.26440
8.847,test_001,screen_study,0.24664,0.27374,0.26019
8.888,test_001,screen_study,0.25551,0.26682,0.26117
8.930,test_001,screen_study,0.25228,0.27351,0.26289
8.969,test_001,screen_study,0.25200,0.27575,0.26387
9.011,test_001,screen_study,0.24921,0.28740,0.26831
9.051,test_001,screen_study,0.25317,0.28558,0.26938
9.092,test_001,screen_study,0.25955,0.27372,0.26663
9.133,test_001,screen_study,0.26102,0.26491,0.26297
9.175,test_001,screen_study,0.25452,0.27560,0.26506
9.215,test_001,screen_study,0.25867,0.28465,0.27166
9.255,test_001,screen_study,0.26287,0.27867,0.27077
9.296,test_001,screen_study,0.26483,0.27221,0.26852
9.337,test_001,screen_study,0.25688,0.27875,0.26781
9.378,test_001,screen_study,0.25483,0.27179,0.26331
9.419,test_001,screen_study,0.24974,0.27798,0.26386
9.460,test_001,screen_study,0.24976,0.27246,0.26111
9.501,test_001,screen_study,0.24807,0.27296,0.26052
9.541,test_001,screen_study,0.24879,0.26864,0.25872
9.582,test_001,screen_study,0.23945,0.25539,0.24742
9.623,test_001,screen_study,0.23707,0.26338,0.25023
9.663,test_001,screen_study,0.24244,0.25780,0.25012
9.705,test_001,screen_study,0.25327,0.26115,0.25721
9.744,test_001,screen_study,0.24798,0.26683,0.25741
9.787,test_001,screen_study,0.24743,0.25787,0.25265
9.827,test_001,screen_study,0.24718,0.25535,0.25126
9.871,test_001,screen_study,0.24418,0.25570,0.24994
9.909,test_001,screen_study,0.25287,0.26160,0.25724
9.949,test_001,screen_study,0.25015,0.25988,0.25501
9.990,test_001,screen_study,0.25268,0.25768,0.25518
10.030,test_001,screen_study,0.25386,0.25410,0.25398
10.072,test_001,screen_study,0.25831,0.25909,0.25870
10.112,test_001,screen_study,0.25374,0.27047,0.26210
10.152,test_001,screen_study,0.25958,0.26915,0.26436
10.193,test_001,screen_study,0.12390,0.16611,0.14501
10.235,test_001,screen_study,0.01737,0.11798,0.06768
10.276,test_001,screen_study,0.02303,0.11007,0.06655
10.316,test_001,screen_study,0.06977,0.18326,0.12651
10.358,test_001,screen_study,0.18925,0.22960,0.20942
10.398,test_001,screen_study,0.20978,0.24963,0.22970
10.439,test_001,screen_study,0.21441,0.25242,0.23341
10.479,test_001,screen_study,0.21632,0.25534,0.23583
10.521,test_001,screen_study,0.22830,0.24718,0.23774
10.561,test_001,screen_study,0.23581,0.24600,0.24090
10.602,test_001,screen_study,0.24119,0.26718,0.25419
10.643,test_001,screen_study,0.25004,0.27019,0.26012
10.684,test_001,screen_study,0.25319,0.26526,0.25923
10.725,test_001,screen_study,0.24569,0.26588,0.25578
10.765,test_001,screen_study,0.24336,0.26374,0.25355
10.805,test_001,screen_study,0.24134,0.27301,0.25718
10.847,test_001,screen_study,0.24479,0.27442,0.25960
10.888,test_001,screen_study,0.24491,0.27255,0.25873
10.929,test_001,screen_study,0.24972,0.27359,0.26166
10.970,test_001,screen_study,0.24865,0.26959,0.25912
11.010,test_001,screen_study,0.25124,0.26631,0.25878
11.051,test_001,screen_study,0.25410,0.26097,0.25754
11.092,test_001,screen_study,0.24851,0.26294,0.25572
11.132,test_001,screen_study,0.24973,0.26707,0.25840
11.173,test_001,screen_study,0.24917,0.26798,0.25858
11.214,test_001,screen_study,0.24681,0.27845,0.26263
11.255,test_001,screen_study,0.25212,0.27041,0.26126
11.296,test_001,screen_study,0.24510,0.26760,0.25635
11.337,test_001,screen_study,0.24452,0.27021,0.25737
11.377,test_001,screen_study,0.24711,0.26384,0.25548
11.419,test_001,screen_study,0.24622,0.25686,0.25154
11.459,test_001,screen_study,0.24827,0.25728,0.25278
11.500,test_001,screen_study,0.25604,0.25005,0.25304
11.540,test_001,screen_study,0.23519,0.23017,0.23268
11.582,test_001,screen_study,0.10007,0.20738,0.15372
11.623,test_001,screen_study,0.06260,0.18656,0.12458
11.663,test_001,screen_study,0.04319,0.18460,0.11389
11.704,test_001,screen_study,0.07884,0.18534,0.13209
11.745,test_001,screen_study,0.19614,0.23870,0.21742
11.785,test_001,screen_study,0.22651,0.23631,0.23141
11.826,test_001,screen_study,0.22388,0.25444,0.23916
11.867,test_001,screen_study,0.23269,0.24889,0.24079
11.908,test_001,screen_study,0.24390,0.24718,0.24554
11.949,test_001,screen_study,0.24809,0.24516,0.24663
11.990,test_001,screen_study,0.22625,0.25494,0.24059
12.031,test_001,screen_study,0.23031,0.26527,0.24779
12.071,test_001,screen_study,0.22659,0.25042,0.23851
12.112,test_001,screen_study,0.23689,0.25958,0.24824
12.152,test_001,screen_study,0.24037,0.27301,0.25669
12.194,test_001,screen_study,0.24082,0.27224,0.25653
12.234,test_001,screen_study,0.24044,0.27548,0.25796
12.275,test_001,screen_study,0.22999,0.26570,0.24785
12.316,test_001,screen_study,0.23234,0.28469,0.25851
12.357,test_001,screen_study,0.23577,0.28526,0.26051
12.398,test_001,screen_study,0.23702,0.28546,0.26124
12.439,test_001,screen_study,0.23678,0.28708,0.26193
12.479,test_001,screen_study,0.23153,0.28503,0.25828
12.520,test_001,screen_study,0.23223,0.29045,0.26134
12.560,test_001,screen_study,0.26186,0.27883,0.27035
12.603,test_001,screen_study,0.26447,0.27341,0.26894
12.643,test_001,screen_study,0.25079,0.26752,0.25915
12.683,test_001,screen_study,0.24023,0.27077,0.25550
12.724,test_001,screen_study,0.24604,0.26055,0.25329
12.764,test_001,screen_study,0.25050,0.25834,0.25442
12.806,test_001,screen_study,0.25727,0.25443,0.25585
12.847,test_001,screen_study,0.26157,0.25171,0.25664
12.888,test_001,screen_study,0.26435,0.25210,0.25823
12.928,test_001,screen_study,0.26736,0.26011,0.26374
12.969,test_001,screen_study,0.26528,0.25556,0.26042
13.010,test_001,screen_study,0.26820,0.25895,0.26358
13.050,test_001,screen_study,0.27295,0.25910,0.26603
13.091,test_001,screen_study,0.27649,0.25959,0.26804
13.133,test_001,screen_study,0.27341,0.26055,0.26698
13.173,test_001,screen_study,0.25939,0.25965,0.25952
13.214,test_001,screen_study,0.26206,0.27862,0.27034
13.255,test_001,screen_study,0.25189,0.26873,0.26031
13.295,test_001,screen_study,0.24816,0.26622,0.25719
13.336,test_001,screen_study,0.25222,0.26163,0.25692
13.377,test_001,screen_study,0.25164,0.26806,0.25985
13.418,test_001,screen_study,0.25229,0.25997,0.25613
13.459,test_001,screen_study,0.24097,0.26728,0.25412
13.500,test_001,screen_study,0.24936,0.28199,0.26568
13.541,test_001,screen_study,0.24287,0.27355,0.25821
13.580,test_001,screen_study,0.24330,0.27304,0.25817
13.622,test_001,screen_study,0.24837,0.27037,0.25937
13.663,test_001,screen_study,0.25317,0.27560,0.26439
13.704,test_001,screen_study,0.24257,0.26815,0.25536
13.745,test_001,screen_study,0.23159,0.27223,0.25191
13.785,test_001,screen_study,0.22917,0.27614,0.25265
13.826,test_001,screen_study,0.22296,0.26133,0.24215
13.867,test_001,screen_study,0.22266,0.26529,0.24397
13.908,test_001,screen_study,0.22057,0.26511,0.24284
13.949,test_001,screen_study,0.22703,0.26490,0.24597
13.989,test_001,screen_study,0.22511,0.26451,0.24481
14.030,test_001,screen_study,0.22390,0.25011,0.23700
14.071,test_001,screen_study,0.23598,0.25572,0.24585
14.112,test_001,screen_study,0.23886,0.24927,0.24406
14.152,test_001,screen_study,0.23702,0.25996,0.24849
14.193,test_001,screen_study,0.23289,0.27113,0.25201
14.234,test_001,screen_study,0.23314,0.26872,0.25093
14.275,test_001,screen_study,0.23556,0.26629,0.25092
14.316,test_001,screen_study,0.23735,0.26270,0.25003
14.357,test_001,screen_study,0.23582,0.25748,0.24665
14.398,test_001,screen_study,0.23841,0.25559,0.24700
14.438,test_001,screen_study,0.24265,0.25444,0.24854
14.479,test_001,screen_study,0.24216,0.26021,0.25118
14.520,test_001,screen_study,0.24883,0.26598,0.25740
14.560,test_001,screen_study,0.25043,0.27046,0.26045
14.602,test_001,screen_study,0.25252,0.26458,0.25855
14.642,test_001,screen_study,0.26023,0.26203,0.26113
14.683,test_001,screen_study,0.25728,0.26882,0.26305
14.724,test_001,screen_study,0.25324,0.26380,0.25852
14.765,test_001,screen_study,0.24972,0.28996,0.26984
14.805,test_001,screen_study,0.25943,0.27536,0.26739
14.846,test_001,screen_study,0.26605,0.28930,0.27767
14.887,test_001,screen_study,0.23698,0.27527,0.25612
14.927,test_001,screen_study,0.24650,0.29286,0.26968
14.968,test_001,screen_study,0.24869,0.28908,0.26888
15.010,test_001,screen_study,0.25050,0.28248,0.26649
15.051,test_001,screen_study,0.26477,0.28530,0.27504
15.091,test_001,screen_study,0.26457,0.29470,0.27963
15.132,test_001,screen_study,0.24417,0.28572,0.26495
15.172,test_001,screen_study,0.26008,0.29275,0.27641
15.213,test_001,screen_study,0.25591,0.26877,0.26234
15.254,test_001,screen_study,0.25584,0.26723,0.26153
15.295,test_001,screen_study,0.26204,0.26685,0.26445
15.336,test_001,screen_study,0.27785,0.27085,0.27435
15.377,test_001,screen_study,0.25653,0.27953,0.26803
15.417,test_001,screen_study,0.27214,0.26775,0.26994
15.459,test_001,screen_study,0.24255,0.27108,0.25682
15.499,test_001,screen_study,0.25181,0.24571,0.24876
15.540,test_001,screen_study,0.19290,0.24827,0.22059
15.581,test_001,screen_study,0.18542,0.24406,0.21474
15.623,test_001,screen_study,0.15691,0.24245,0.19968
15.662,test_001,screen_study,0.13647,0.24048,0.18847
15.703,test_001,screen_study,0.13594,0.22808,0.18201
15.744,test_001,screen_study,0.13390,0.24363,0.18877
15.785,test_001,screen_study,0.13544,0.25313,0.19429
15.827,test_001,screen_study,0.15696,0.25178,0.20437
15.867,test_001,screen_study,0.11097,0.24686,0.17892
15.907,test_001,screen_study,0.14876,0.26211,0.20543
15.948,test_001,screen_study,0.18655,0.24754,0.21705
15.989,test_001,screen_study,0.22547,0.23447,0.22997
16.030,test_001,screen_study,0.24241,0.28132,0.26187
16.071,test_001,screen_study,0.25765,0.29222,0.27493
16.113,test_001,screen_study,0.25518,0.29147,0.27333
16.153,test_001,screen_study,0.26103,0.27763,0.26933
16.193,test_001,screen_study,0.26448,0.29668,0.28058
16.234,test_001,screen_study,0.25629,0.29600,0.27614
16.275,test_001,screen_study,0.26767,0.31412,0.29089
16.316,test_001,screen_study,0.26199,0.31761,0.28980
16.357,test_001,screen_study,0.26895,0.30713,0.28804
16.397,test_001,screen_study,0.26496,0.30933,0.28714
16.438,test_001,screen_study,0.26506,0.28503,0.27504
16.479,test_001,screen_study,0.26432,0.29624,0.28028
16.519,test_001,screen_study,0.25956,0.27837,0.26896
